junction_aa	v_call	j_call
CASSQDDWSVSSYNEQFF	TCRBV03	TCRBJ02
CASSQTAGGGANVLTF	TCRBV04	TCRBJ02
CASRTSGSTDTQYF	TCRBV06	TCRBJ02
CASSYAPRLAVTDTQYF	TCRBV06	TCRBJ02
CAWGRGLSYEQYF	TCRBV30	TCRBJ02
CASSEGQLNTGELFF	TCRBV02	TCRBJ02
CATSEDGTGQETQYF	TCRBV24	TCRBJ02
CASSQVGAYGNEQFF	TCRBV04	TCRBJ02
CSARLGFYEQYF	TCRBV20	TCRBJ02
CASSVESGQPQHF	TCRBV09	TCRBJ01
CASSLGVSGLNTEAFF	TCRBV27	TCRBJ01
CSAWTSGSASSYEQYF	TCRBV20	TCRBJ02
CASMGTEAFF	TCRBV28	TCRBJ01
CASRIGQGTIDGYTF	TCRBV10	TCRBJ01
CAISDTGSRTDTQYF	TCRBV10	TCRBJ02
CASRTNGHEQYF	TCRBV12	TCRBJ02
CASSQTGNEQFF	TCRBV12	TCRBJ02
CATSDSGTGYSGANVLTF	TCRBV24	TCRBJ02
CSASAGLEPYNEQFF	TCRBV20	TCRBJ02
CSAPPRETQYF	TCRBV20	TCRBJ02
CSARPSGGEPQHF	TCRBV20	TCRBJ01
CSARDTVHYNEQFF	TCRBV20	TCRBJ02
CSATEREAFF	TCRBV20	TCRBJ01
CASSNDRVYYEQYF	TCRBV07	TCRBJ02
CSAIGGGAYEQYF	TCRBV20	TCRBJ02
CASSLQTTGANVLTF	TCRBV04	TCRBJ02
CASSEPPSSNYEQYF	TCRBV02	TCRBJ02
CSVDPQGAETQYF	TCRBV29	TCRBJ02
CASSPGLDLDGELFF	TCRBV05	TCRBJ02
CASSLGGSNYGYTF	TCRBV12	TCRBJ01
CASSLTSGSNNEQFF	TCRBV06	TCRBJ02
CASRSRESNTIYF	TCRBV06	TCRBJ01
CASSMGWLNTGELFF	TCRBV19	TCRBJ02
CASTLAGPTPVEQYF	TCRBV03	TCRBJ02
CASSRTRIYNEQFF	TCRBV12	TCRBJ02
CASSLETGVEQPQHF	TCRBV07	TCRBJ01
CASRAGTLSTDTQYF	TCRBV09	TCRBJ02
CASSLGAGDGYTF	TCRBV11	TCRBJ01
CSARIVGEQFF	TCRBV20	TCRBJ02
CASRSSGSTDTQYF	TCRBV06	TCRBJ02
CASSQGTRELFF	TCRBV03	TCRBJ02
CASSLLAGGHSGANVLTF	TCRBV19	TCRBJ02
CASSERGHQETQYF	TCRBV25	TCRBJ02
CATSAPPFAGYTF	TCRBV24	TCRBJ01
CAISVQGGSYEQYF	TCRBV10	TCRBJ02
CASSFSGTTFTGANVLTF	TCRBV06	TCRBJ02
CASSFDGSTGELFF	TCRBV05	TCRBJ02
CASSPRTNAYEQYF	TCRBV05	TCRBJ02
CAWSRAGATQYF	TCRBV30	TCRBJ02
CASSETVGPSFF	TCRBV10	TCRBJ01
CASSQTGGKGTEAFF	TCRBV21	TCRBJ01
CASSDRESDEQYF	TCRBV19	TCRBJ02
CAWMRGLDYEQYF	TCRBV30	TCRBJ02
CATSDHGRDHNEQFF	TCRBV24	TCRBJ02
CAWSWAGELFF	TCRBV30	TCRBJ02
CAWLGVGGNEQFF	TCRBV30	TCRBJ02
CASSRWTSDSYEQYF	TCRBV11	TCRBJ02
CASSVANGRALPYNEQFF	TCRBV09	TCRBJ02
CATSDLGAGLGNEQFF	TCRBV24	TCRBJ02
CATSDLQGSTNTGELFF	TCRBV24	TCRBJ02
CASSEDRANYGYTF	TCRBV06	TCRBJ01
CSVVAPTGGLYNEQFF	TCRBV29	TCRBJ02
CATSGGPSYNEQFF	TCRBV24	TCRBJ02
CASSYSGERGEQYF	TCRBV06	TCRBJ02
CSARDQLAGDTGELFF	TCRBV20	TCRBJ02
CASSSLADDTGELFF	TCRBV05	TCRBJ02
CSVSQGTGAETQYF	TCRBV29	TCRBJ02
CSVAGSGNTIYF	TCRBV29	TCRBJ01
CASSLGTSLGETQYF	TCRBV05	TCRBJ02
CASSQGGRTEAFF	TCRBV14	TCRBJ01
CASSFSSTDTQYF	TCRBV05	TCRBJ02
CASSIGERETYEQYF	TCRBV19	TCRBJ02
CASSQENEGANYGYTF	TCRBV04	TCRBJ01
CAWSRGLSYEQYF	TCRBV30	TCRBJ02
CASSYPGSEAFF	TCRBV06	TCRBJ01
CAISESGARRAEQYF	TCRBV10	TCRBJ02
CASSRRDTWGVNTEAFF	TCRBV07	TCRBJ01
CASSAGLAGGYNEQFF	TCRBV12	TCRBJ02
CASSPTGQGSDTQYF	TCRBV12	TCRBJ02
CASSLRDRVNEQYF	TCRBV06	TCRBJ02
CAQGRGLDYEQYF	TCRBV30	TCRBJ02
CSANGPNTEAFF	TCRBV20	TCRBJ01
CSARDRDSGSYEQYF	TCRBV20	TCRBJ02
CASSEGQGLSYEQYF	TCRBV06	TCRBJ02
CASRQGGNTIYF	TCRBV06	TCRBJ01
CASSWGQDGYGYTF	TCRBV05	TCRBJ01
CASSFPSTTNEKLFF	TCRBV07	TCRBJ01
CASSTGTDTQYF	TCRBV11	TCRBJ02
CASSVGQSSYEQYF	TCRBV09	TCRBJ02
CASSIRGRETQYF	TCRBV19	TCRBJ02
CSVDSAGGPTDTQYF	TCRBV29	TCRBJ02
CASNRQGWTEAFF	TCRBV02	TCRBJ01
CASGVLAGETQYF	TCRBV10	TCRBJ02
CASSPPPSGTQFF	TCRBV06	TCRBJ02
CASTRRGGQVNTGELFF	TCRBV19	TCRBJ02
CASSLVEGKDYTF	TCRBV11	TCRBJ01
CSARDPTGLYEQYF	TCRBV20	TCRBJ02
CASSTPGLGYEQYF	TCRBV05	TCRBJ02
CASSYRGLSSYNEQFF	TCRBV02	TCRBJ02
CSVRDRTNTGELFF	TCRBV29	TCRBJ02
CASSLRGWDRGETQYF	TCRBV05	TCRBJ02
CSAVGTGGIQYF	TCRBV20	TCRBJ02
CASSEDGVRETQYF	TCRBV02	TCRBJ02
CAWSVTGAGGYGYTF	TCRBV30	TCRBJ01
CASSLMAGELFF	TCRBV27	TCRBJ02
CASSQVRNQPQHF	TCRBV04	TCRBJ01
CASSLETGIGAYTF	TCRBV05	TCRBJ01
CASSQDSGTDTQYF	TCRBV04	TCRBJ02
CASSRSSSDTQYF	TCRBV06	TCRBJ02
CASSYQGLGGYTF	TCRBV06	TCRBJ01
CSAYLAGSTDTQYF	TCRBV20	TCRBJ02
CSVVLTSYEQYF	TCRBV29	TCRBJ02
CASSLRDGGARGGYTF	TCRBV05	TCRBJ01
CASTRGGPSGYEQYF	TCRBV07	TCRBJ02
CASSWALPNIQYF	TCRBV06	TCRBJ02
CAWSRGLDYEQYF	TCRBV30	TCRBJ02
CSGTGLDVEQFF	TCRBV29	TCRBJ02
CAWARGLSEQFF	TCRBV30	TCRBJ02
CASGSMKREITDTQYF	TCRBV07	TCRBJ02
CASSDGSTDTQYF	TCRBV06	TCRBJ02
CATSRDRQARGETQYF	TCRBV15	TCRBJ02
CASSLGYHNEQFF	TCRBV12	TCRBJ02
CASSWGHETGNYEQYF	TCRBV07	TCRBJ02
CASSQEGLDTQYF	TCRBV03	TCRBJ02
CASLRLAASTDTQYF	TCRBV02	TCRBJ02
CAWGRGLETQYF	TCRBV30	TCRBJ02
CASSRPMGSGSGGYTF	TCRBV28	TCRBJ01
CATSEPDGKETQYF	TCRBV24	TCRBJ02
CASSSRVNAEAFF	TCRBV11	TCRBJ01
CASSLIQGPTGELFF	TCRBV07	TCRBJ02
CSVLGSRGNYGYTF	TCRBV29	TCRBJ01
CASSFPDRYQPQHF	TCRBV28	TCRBJ01
CASRRTSGSNEQFF	TCRBV06	TCRBJ02
CASKMGLADSYNEQFF	TCRBV06	TCRBJ02
CASSDRDYSYEQYF	TCRBV07	TCRBJ02
CASSLAEGGQAYEQYF	TCRBV05	TCRBJ02
CASSRQPFNEKLFF	TCRBV06	TCRBJ01
CASMGLAIHEQYF	TCRBV02	TCRBJ02
CASSIVAGGAGELFF	TCRBV19	TCRBJ02
CASRTVNYGYTF	TCRBV06	TCRBJ01
CSVEDRGGYEQYF	TCRBV29	TCRBJ02
CASRTSDKNIQYF	TCRBV19	TCRBJ02
CATSETGSSYNEQFF	TCRBV24	TCRBJ02
CATSRGPPGQINYNEQFF	TCRBV15	TCRBJ02
CASSKRDSYEQYF	TCRBV09	TCRBJ02
CASSQYGQPNQPQHF	TCRBV04	TCRBJ01
CATSDVGNQPQHF	TCRBV24	TCRBJ01
CASSHLGQGNTEAFF	TCRBV03	TCRBJ01
CASSADYYGYTF	TCRBV06	TCRBJ01
CASSQTDGFTYEQYF	TCRBV11	TCRBJ02
CSAPTPPRMETQYF	TCRBV20	TCRBJ02
CSAYRGGNQPQHF	TCRBV20	TCRBJ01
CSAREQVYQPQHF	TCRBV20	TCRBJ01
CASSLLPPGGQGYEQYF	TCRBV04	TCRBJ02
CASSYSGRRETQYF	TCRBV06	TCRBJ02
CASSTTVGAEAFF	TCRBV06	TCRBJ01
CASTSASTWGAEAFF	TCRBV12	TCRBJ01
CASSDNAGTEQYF	TCRBV10	TCRBJ02
CASSYPGQQYF	TCRBV06	TCRBJ02
CASSQVYGPSTDTQYF	TCRBV04	TCRBJ02
CASSPQVLGPNTGELFF	TCRBV03	TCRBJ02
CSVAGGRDDEQYF	TCRBV29	TCRBJ02
CAWSVSPINEQYF	TCRBV30	TCRBJ02
CASTLSGSKSIDEQYF	TCRBV27	TCRBJ02
CASSYSRQGYGYTF	TCRBV06	TCRBJ01
CAWSGSETGANTEAFF	TCRBV30	TCRBJ01
CASSLSTTNTEAFF	TCRBV05	TCRBJ01
CASSSNRETGELFF	TCRBV03	TCRBJ02
CASSLTSGSEYEQYF	TCRBV07	TCRBJ02
CSARWATGRTDTQYF	TCRBV20	TCRBJ02
CATRGNTEAFF	TCRBV02	TCRBJ01
CASREGGGGYTF	TCRBV06	TCRBJ01
CASSVAGMGGLNTEAFF	TCRBV09	TCRBJ01
CASARNYGYTF	TCRBV19	TCRBJ01
CASSGTANTEAFF	TCRBV06	TCRBJ01
CASSKQGDQPQHF	TCRBV25	TCRBJ01
CASSLMVGEYEQYF	TCRBV07	TCRBJ02
CAWSHPQGSSYEQYF	TCRBV30	TCRBJ02
CASSQGRNQPQHF	TCRBV03	TCRBJ01
CASSLLWTGTPDTQYF	TCRBV04	TCRBJ02
CASSSRATSNQPQHF	TCRBV06	TCRBJ01
CAWSVTGETQYF	TCRBV30	TCRBJ02
CASSFSGSYEQYF	TCRBV11	TCRBJ02
CASSLYGYTF	TCRBV02	TCRBJ01
CASSETGTENEKLFF	TCRBV05	TCRBJ01
CATRGGGSTGELFF	TCRBV24	TCRBJ02
CASRGTSGPYEQYF	TCRBV27	TCRBJ02
CASIRQGDRPTDTQYF	TCRBV21	TCRBJ02
CASRFGDRETPGEQYF	TCRBV05	TCRBJ02
CASSSRTDGYTF	TCRBV07	TCRBJ01
CASSRGGNQPQHF	TCRBV12	TCRBJ01
CASSFKPGNQPQHF	TCRBV06	TCRBJ01
CSAAGLAGADTQYF	TCRBV20	TCRBJ02
CASSMMPSTETGYGYTF	TCRBV09	TCRBJ01
CSARSQGIGNTIYF	TCRBV20	TCRBJ01
CASSLATTNTEAFF	TCRBV05	TCRBJ01
CASRQPSGQLQAFF	TCRBV06	TCRBJ01
CAWMRQGNTEAFF	TCRBV30	TCRBJ01
CATKLAGGWEQYF	TCRBV15	TCRBJ02
CASSTSGGFYEQYF	TCRBV07	TCRBJ02
CSAPRLAGGGYEQYF	TCRBV20	TCRBJ02
CASSRGQGASGANVLTF	TCRBV19	TCRBJ02
CASSLYSAAGELFF	TCRBV28	TCRBJ02
CASSLIAGELFF	TCRBV07	TCRBJ02
CASRLAPLNEQFF	TCRBV05	TCRBJ02
CSVRQGSNQPQHF	TCRBV29	TCRBJ01
CASSDRFTDTQYF	TCRBV06	TCRBJ02
CASSPPTSGDVYNEQFF	TCRBV27	TCRBJ02
CAWRRGQGDGYTF	TCRBV30	TCRBJ01
CAFSSVMTSGNPNEQFF	TCRBV30	TCRBJ02
CASSSFGLAGTDTQYF	TCRBV06	TCRBJ02
CASSVGEGGLRTGELFF	TCRBV09	TCRBJ02
CATRTGPTGELFF	TCRBV24	TCRBJ02
CASSPWGGQGATGELFF	TCRBV05	TCRBJ02
CSALRNGNTGELFF	TCRBV20	TCRBJ02
CASSWPGHSGEQYF	TCRBV05	TCRBJ02
CATSEPDGQETQYF	TCRBV24	TCRBJ02
CASSPLADTDTQYF	TCRBV05	TCRBJ02
CSARWTKLSYEQYF	TCRBV20	TCRBJ02
CASSLDRGSYEQYF	TCRBV05	TCRBJ02
CASTWQNMNTEAFF	TCRBV05	TCRBJ01
CAWRGQGQQPQHF	TCRBV30	TCRBJ01
CASSAGVIGYTF	TCRBV25	TCRBJ01
CASGLREQYF	TCRBV02	TCRBJ02
CASATWNEQYF	TCRBV02	TCRBJ02
CAWSVNREYTQYF	TCRBV30	TCRBJ02
CATRREGRHPAYEQYF	TCRBV24	TCRBJ02
CASTPGTSSYEQYF	TCRBV04	TCRBJ02
CASSLHQARNEQYF	TCRBV12	TCRBJ02
CASSPRTGKDEQYF	TCRBV07	TCRBJ02
CASSLSSGQETQYF	TCRBV05	TCRBJ02
CASSFQGTGELFF	TCRBV06	TCRBJ02
CASSQPDRANQPQHF	TCRBV04	TCRBJ01
CASTPGLAGLTDTQYF	TCRBV19	TCRBJ02
CASSKGSGEAFF	TCRBV05	TCRBJ01
CSARDGGGAYEQYF	TCRBV20	TCRBJ02
CATSEGQGGFYEQYF	TCRBV24	TCRBJ02
CASSLRPYEQYF	TCRBV11	TCRBJ02
CASSVSGTSSEQYF	TCRBV14	TCRBJ02
CASGQGAGEGRETQYF	TCRBV05	TCRBJ02
CASRWTDLSVQETQYF	TCRBV12	TCRBJ02
CASNYGGGYTF	TCRBV25	TCRBJ01
CASSGDRGSGYTF	TCRBV10	TCRBJ01
CASSLAGSGLAGDTQYF	TCRBV07	TCRBJ02
CASSLGFTDTQYF	TCRBV12	TCRBJ02
CASSSDRRPNEQYF	TCRBV11	TCRBJ02
CATPGLAIETQYF	TCRBV05	TCRBJ02
CASRLGGIGANVLTF	TCRBV06	TCRBJ02
CASSSSGTQYF	TCRBV06	TCRBJ02
CASSMRSTGELFF	TCRBV19	TCRBJ02
CATSLQGGTGELFF	TCRBV24	TCRBJ02
CSVSPGAGTEAFF	TCRBV29	TCRBJ01
CSARDRRDIVIGDTQYF	TCRBV20	TCRBJ02
CASSLGLAGQGTDTQYF	TCRBV07	TCRBJ02
CATSSRTGLSGANVLTF	TCRBV24	TCRBJ02
CASSQGSETQYF	TCRBV14	TCRBJ02
CASSQMTSAPYEQYF	TCRBV03	TCRBJ02
CASSPMTTNTGELFF	TCRBV10	TCRBJ02
CASSSTGIYGYTF	TCRBV11	TCRBJ01
CASSETRGPDGYTF	TCRBV02	TCRBJ01
CSAMLAGGAYEQYF	TCRBV20	TCRBJ02
CSARDGGSPYNEQFF	TCRBV20	TCRBJ02
CASTLQDVLAETQYF	TCRBV02	TCRBJ02
CSARGRSGNINTGELFF	TCRBV20	TCRBJ02
CASSYRDRGLDEQFF	TCRBV13	TCRBJ02
CSASGEQGYEQYF	TCRBV20	TCRBJ02
CAWSLGQTRETQYF	TCRBV30	TCRBJ02
CASSFTGGASTDTQYF	TCRBV11	TCRBJ02
CAVGRNTEAFF	TCRBV12	TCRBJ01
CASSHRTSPDTQYF	TCRBV03	TCRBJ02
CASSLGYTDTQYF	TCRBV07	TCRBJ02
CATSDLGLHRFF	TCRBV24	TCRBJ02
CASSLSGSGYGYTF	TCRBV12	TCRBJ01
CASRGRGGSYEQYF	TCRBV06	TCRBJ02
CASSDRGHRETQYF	TCRBV25	TCRBJ02
CSASGDAGLAGDEQFF	TCRBV20	TCRBJ02
CASSPGTVFSYEQYF	TCRBV06	TCRBJ02
CSVGPGLGTWETQYF	TCRBV29	TCRBJ02
CASSPGLAGGETQYF	TCRBV05	TCRBJ02
CASSPLAFEAFF	TCRBV05	TCRBJ01
CASSSNGNYGYTF	TCRBV07	TCRBJ01
CASSRGTSSYEQYF	TCRBV06	TCRBJ02
CAISSRAEETQYF	TCRBV10	TCRBJ02
CATKGQGNTEAFF	TCRBV24	TCRBJ01
CASSHRTTELFF	TCRBV03	TCRBJ01
CASSLGTGAPNQPQHF	TCRBV12	TCRBJ01
CATSRSAGEYEQYF	TCRBV24	TCRBJ02
CAWSGLAGLSETQYF	TCRBV30	TCRBJ02
CASSQVGLGWETQYF	TCRBV14	TCRBJ02
CAWGAISGNTIYF	TCRBV30	TCRBJ01
CASLKMTGSIPGNTIYF	TCRBV06	TCRBJ01
CASSLGQVGDTQYF	TCRBV11	TCRBJ02
CASSQDRGFGSDTQYF	TCRBV04	TCRBJ02
CSARHTGELFF	TCRBV20	TCRBJ02
CATSEPQGANYGYTF	TCRBV24	TCRBJ01
CAWRLRGVSDEQYF	TCRBV30	TCRBJ02
CASSLGTRKLEAFF	TCRBV05	TCRBJ01
CASSRDRGTIYGYTF	TCRBV03	TCRBJ01
CASSQDVRAGGQETQYF	TCRBV04	TCRBJ02
CASSRLAGVGTDTQYF	TCRBV07	TCRBJ02
CSVGRAGTEAFF	TCRBV20	TCRBJ01
CASSAGSTNEQYF	TCRBV09	TCRBJ02
CASSQGQVNQPQHF	TCRBV03	TCRBJ01
CASSGTGVGGNQPQHF	TCRBV25	TCRBJ01
CATSDFDRGSFTDTQYF	TCRBV24	TCRBJ02
CASSLANTGELFF	TCRBV27	TCRBJ02
CASSRDTRYGYTF	TCRBV06	TCRBJ01
CASSQTLGTQETQYF	TCRBV11	TCRBJ02
CSVVAGGPYEQYF	TCRBV29	TCRBJ02
CASIGSGKSYNEQFF	TCRBV06	TCRBJ02
CASSGWTSPYEQYF	TCRBV06	TCRBJ02
CASSTNSGELFF	TCRBV12	TCRBJ02
CASSRTGFTGELFF	TCRBV25	TCRBJ02
CASRPDTTYEQYF	TCRBV02	TCRBJ02
CASSLSLATYEQYF	TCRBV05	TCRBJ02
CATGTVGAREQYF	TCRBV24	TCRBJ02
CASSGTQLAGSHEQYF	TCRBV09	TCRBJ02
CASGEGYTDTQYF	TCRBV07	TCRBJ02
CASSDRERNTIYF	TCRBV10	TCRBJ01
CASSGQGNTGELFF	TCRBV12	TCRBJ02
CATSRPSGGRANEKLFF	TCRBV15	TCRBJ01
CASRTTASYGYTF	TCRBV06	TCRBJ01
CSASLIGTSGDGLNEQFF	TCRBV20	TCRBJ02
CASKGENYGYTF	TCRBV06	TCRBJ01
CSASSFGLNLYEQYF	TCRBV20	TCRBJ02
CSVRTGGNEQFF	TCRBV29	TCRBJ02
CSAAGYSGYTF	TCRBV20	TCRBJ01
CSVDLDPLFYEQYF	TCRBV29	TCRBJ02
CSVEAPQRETYNEQFF	TCRBV29	TCRBJ02
CASSLGAPLAPNEQFF	TCRBV05	TCRBJ02
CASIRTGIQETQYF	TCRBV06	TCRBJ02
CAGKPGTGGWTEAFF	TCRBV30	TCRBJ01
CASRPGQGLGEQYF	TCRBV06	TCRBJ02
CASSPPRGGNTIYF	TCRBV03	TCRBJ01
CASSKTGAMNTEAFF	TCRBV05	TCRBJ01
CASSQGASGNTEAFF	TCRBV04	TCRBJ01
CASSYTTGGNTEAFF	TCRBV06	TCRBJ01
CASSFPLTSGRRGEQFF	TCRBV19	TCRBJ02
CASNVAGGLNEQFF	TCRBV06	TCRBJ02
CSARDLHEQYF	TCRBV20	TCRBJ02
CATSDPITQETQYF	TCRBV24	TCRBJ02
CASYPTRGETDTQYF	TCRBV05	TCRBJ02
CLVRPRDSNQPQHF	TCRBV19	TCRBJ01
CAWSDPRNYGYTF	TCRBV30	TCRBJ01
CASSLAPDYEQYF	TCRBV05	TCRBJ02
CSASRSAGSYGGDTQYF	TCRBV20	TCRBJ02
CSARRTGNQPQHF	TCRBV20	TCRBJ01
CASSEGDGTYEQYF	TCRBV09	TCRBJ02
CASRQGSTDTQYF	TCRBV05	TCRBJ02
CASTDIGGYDQPQHF	TCRBV07	TCRBJ01
CASSLGTGNQPQHF	TCRBV05	TCRBJ01
CASSQGRSEKLFF	TCRBV06	TCRBJ01
CASSWDGSYEQYF	TCRBV03	TCRBJ02
CATSDPGQGVTGANVLTF	TCRBV24	TCRBJ02
CASSPGHEQFF	TCRBV11	TCRBJ02
CAWSVQGGRTNEKLFF	TCRBV30	TCRBJ01
CASSYKTGVLEQYF	TCRBV06	TCRBJ02
CASSPGGYEQYF	TCRBV11	TCRBJ02
CSARASDRGNQPQHF	TCRBV20	TCRBJ01
CASSGAQGENSNQPQHF	TCRBV06	TCRBJ01
CSAPAGGRWSYEQYF	TCRBV20	TCRBJ02
CASSDSSYEQYF	TCRBV02	TCRBJ02
CAVGGANYGYTF	TCRBV06	TCRBJ01
CASSFGGGDGYTF	TCRBV05	TCRBJ01
CASRGTGAEQYF	TCRBV12	TCRBJ02
CASGGTVSYEQYF	TCRBV02	TCRBJ02
CASSRLGGAGANVLTF	TCRBV03	TCRBJ02
CASSFEVGYQFF	TCRBV12	TCRBJ02
CASSLTSGSEYTQYF	TCRBV07	TCRBJ02
CSAPRRGGSTYEQYF	TCRBV20	TCRBJ02
CASSGGGLAVHEQYF	TCRBV11	TCRBJ02
CASSRRDRVHEQFF	TCRBV06	TCRBJ02
CASSLLRGSSLYYNEQFF	TCRBV12	TCRBJ02
CSVETGRDQPQHF	TCRBV29	TCRBJ01
CASSHRGGELFF	TCRBV14	TCRBJ02
CSASRVTEAFF	TCRBV20	TCRBJ01
CASSLWTGDIEAFF	TCRBV07	TCRBJ01
CSARRSSGFSSYEQYF	TCRBV20	TCRBJ02
CASSSTRGGSQYF	TCRBV13	TCRBJ02
CASGSGGELFF	TCRBV11	TCRBJ02
CSAPTGVGTEAFF	TCRBV20	TCRBJ01
CSASALVPSYEQYF	TCRBV20	TCRBJ02
CASSESGSDTQYF	TCRBV25	TCRBJ02
CSVDSLASYNEQFF	TCRBV29	TCRBJ02
CASSFQGDDYTF	TCRBV05	TCRBJ01
CASTERQGHYEQYF	TCRBV06	TCRBJ02
CSATGLLVETQYF	TCRBV20	TCRBJ02
CSASRHNTEAFF	TCRBV20	TCRBJ01
CASRNRGLRQPQHF	TCRBV28	TCRBJ01
CASSLRSWAYEQYF	TCRBV11	TCRBJ02
CASSVVPSSYEQYF	TCRBV09	TCRBJ02
CASSSWGSSTGEDEPQHF	TCRBV12	TCRBJ01
CASSNGLYGYTF	TCRBV12	TCRBJ01
CASKQGNIYGYTF	TCRBV02	TCRBJ01
CAISESAETQYF	TCRBV10	TCRBJ02
CASSQGGTSLTSGELFF	TCRBV04	TCRBJ02
CASSLGGSYRSGELFF	TCRBV11	TCRBJ02
CAWISGLNTGELFF	TCRBV30	TCRBJ02
CASSSGPYPGEKLFF	TCRBV11	TCRBJ01
CASSYTGDQPQHF	TCRBV06	TCRBJ01
CASITFIRDRDGGYTF	TCRBV07	TCRBJ01
CASSQGVYGYTF	TCRBV06	TCRBJ01
CASKGTGEVAQYF	TCRBV02	TCRBJ02
CASREGTKETQYF	TCRBV05	TCRBJ02
CASSRAGQMNTGELFF	TCRBV06	TCRBJ02
CASTERQGYGYTF	TCRBV07	TCRBJ01
CASSGGQLRTEAFF	TCRBV12	TCRBJ01
CSAIMAGLSEQYF	TCRBV20	TCRBJ02
CASRPSGRPDTQYF	TCRBV06	TCRBJ02
CASSLARAGGFTDTQYF	TCRBV07	TCRBJ02
CASSQGTSGRAYEQYF	TCRBV02	TCRBJ02
CSAISGGAVEYEQYF	TCRBV20	TCRBJ02
CASSSGGRGREEQFF	TCRBV06	TCRBJ02
CSARAGAEAFF	TCRBV20	TCRBJ01
CATSDPQGSEQYF	TCRBV24	TCRBJ02
CATSDRGTSGTYEQYF	TCRBV24	TCRBJ02
CARGGEQLNYGYTF	TCRBV30	TCRBJ01
CASRLTGSAGANVLTF	TCRBV06	TCRBJ02
CASNKGNLGANVLTF	TCRBV02	TCRBJ02
CAWSVPRQLVAKNIQYF	TCRBV30	TCRBJ02
CSARPRPSGRAVSETQYF	TCRBV20	TCRBJ02
CSASLGYGYTF	TCRBV20	TCRBJ01
CASSYTGQSYNEQFF	TCRBV06	TCRBJ02
CASSQNTEAFF	TCRBV07	TCRBJ01
CSVGGQGSDGYTF	TCRBV29	TCRBJ01
CSARAIRTQYF	TCRBV20	TCRBJ02
CSARETVF	TCRBV20	TCRBJ01
CASSFAGGASGYTF	TCRBV12	TCRBJ01
CSVSTGAPPEQYF	TCRBV29	TCRBJ02
CAISADLGNTIYF	TCRBV10	TCRBJ01
CASSGGQGIVHEQFF	TCRBV06	TCRBJ02
CASRGQTSGGETQYF	TCRBV05	TCRBJ02
CSARDSTLAEETQYF	TCRBV20	TCRBJ02
CASSLQGGGDTQYF	TCRBV05	TCRBJ02
CAWSVQGVGNQPQHF	TCRBV30	TCRBJ01
CASSLAGQAYEQYF	TCRBV05	TCRBJ02
CASSDEGEGEQFF	TCRBV06	TCRBJ02
CSVEVATLREQYF	TCRBV29	TCRBJ02
CASSPPMSSSYEQYF	TCRBV28	TCRBJ02
CASRQYPGTYEQYF	TCRBV06	TCRBJ02
CSADLGGRGTQYF	TCRBV29	TCRBJ02
CASSVGQGNQETQYF	TCRBV09	TCRBJ02
CAWSRKGQGVQIGEKLFF	TCRBV30	TCRBJ01
CASSSRERVISGANVLTF	TCRBV07	TCRBJ02
CASSLITVNEKLFF	TCRBV05	TCRBJ01
CASSLDGYSNQPQHF	TCRBV07	TCRBJ01
CASSQAPYGEGYEQYF	TCRBV04	TCRBJ02
CASSEAALAAYEQYF	TCRBV06	TCRBJ02
CATSRGESSGANVLTF	TCRBV15	TCRBJ02
CASSPPGRGGYNEQFF	TCRBV07	TCRBJ02
CASGPYRASEIF	TCRBV07	TCRBJ02
CASSLDTSANTQYF	TCRBV05	TCRBJ02
CASSFNRDTEAFF	TCRBV05	TCRBJ01
CASTPIMDRGYGYTF	TCRBV11	TCRBJ01
CASSRRESYNEQFF	TCRBV06	TCRBJ02
CASSPGGSFQETQYF	TCRBV12	TCRBJ02
CAISESGSSGRAREEQYF	TCRBV10	TCRBJ02
CSVEQNRGDGTQYF	TCRBV29	TCRBJ02
CASSFTGYQETQYF	TCRBV06	TCRBJ02
CSALGERRDGDTQYF	TCRBV20	TCRBJ02
CAWRGLGHYEQYF	TCRBV30	TCRBJ02
CASRRRLAGYNEQFF	TCRBV12	TCRBJ02
CASSAGTSDYNEQFF	TCRBV06	TCRBJ02
CASSLGGTGLNTEAFF	TCRBV11	TCRBJ01
CASSPDFKNTEAFF	TCRBV02	TCRBJ01
CASNKPNQPQHF	TCRBV02	TCRBJ01
CASSLWQGETQYF	TCRBV11	TCRBJ02
CASSVGPVHNEQFF	TCRBV09	TCRBJ02
CSAGRHTQETQYF	TCRBV20	TCRBJ02
CASSLPGPGTDTQYF	TCRBV05	TCRBJ02
CASSRQGAEDTQYF	TCRBV06	TCRBJ02
CASRKGGEQYF	TCRBV02	TCRBJ02
CSMGQAAYEQYF	TCRBV20	TCRBJ02
CSADTRGSGANVLTF	TCRBV20	TCRBJ02
CSATLRGNTEAFF	TCRBV20	TCRBJ01
CSALQEGGNQPQHF	TCRBV20	TCRBJ01
CASSRQGLHGYTF	TCRBV06	TCRBJ01
CSASRAGGPGEQFF	TCRBV20	TCRBJ02
CATSGDRTEAFF	TCRBV15	TCRBJ01
CASSVDPNYGYTF	TCRBV09	TCRBJ01
CANHFSSPREQYF	TCRBV27	TCRBJ02
CASSDNSYEQYF	TCRBV10	TCRBJ02
CATSRADRVSPGANVLTF	TCRBV15	TCRBJ02
CASSFKGLRGETQYF	TCRBV11	TCRBJ02
CASGRREDRADTQYF	TCRBV05	TCRBJ02
CASSEGQATDTQYF	TCRBV05	TCRBJ02
CASSYSLTSGSTDTQYF	TCRBV06	TCRBJ02
CASSPGQGKATNEKLFF	TCRBV04	TCRBJ01
CASSLEAGEYNEQFF	TCRBV11	TCRBJ02
CASSYQGSLGETQYF	TCRBV06	TCRBJ02
CASRPAGEETQYF	TCRBV05	TCRBJ02
CASRLMLGQFHEKLFF	TCRBV12	TCRBJ01
CASSPGTGFVYTF	TCRBV05	TCRBJ01
CSALSQTAQYF	TCRBV20	TCRBJ02
CSATGGGPGLVAYEQYF	TCRBV20	TCRBJ02
CSVEGKTQETQYF	TCRBV29	TCRBJ02
CAWRTSGGELFF	TCRBV30	TCRBJ02
CASSQGTVGRGVAEAFF	TCRBV04	TCRBJ01
CAIERTGDYSNQPQHF	TCRBV28	TCRBJ01
CASSLGTASSYEQYF	TCRBV11	TCRBJ02
CSARGTSRTYEQYF	TCRBV20	TCRBJ02
CASSPPDSNSYNEQFF	TCRBV04	TCRBJ02
CASRRDSYTGELFF	TCRBV14	TCRBJ02
CASKGGTGGEKLFF	TCRBV06	TCRBJ01
CASSRGQGVNTEAFF	TCRBV05	TCRBJ01
CASSLGQSAEKLFF	TCRBV03	TCRBJ01
CAISDVLGDTEAFF	TCRBV10	TCRBJ01
CASSGRSDEQYF	TCRBV05	TCRBJ02
CASSLGQGFQETQYF	TCRBV05	TCRBJ02
CASSPSGVPTGELFF	TCRBV04	TCRBJ02
CASSTGNTGELFF	TCRBV10	TCRBJ02
CASSFRLHPDPINYGYTF	TCRBV05	TCRBJ01
CASSVERGYGYTF	TCRBV09	TCRBJ01
CASSLSNRGSEQYF	TCRBV28	TCRBJ02
CASSSGSTDTQYF	TCRBV10	TCRBJ02
CASKGQGDGELFF	TCRBV10	TCRBJ02
CSARQGPYEQYF	TCRBV20	TCRBJ02
CASSGGAGTYEQYF	TCRBV06	TCRBJ02
CASKTGYAGANVLTF	TCRBV12	TCRBJ02
CATSPHEWEGINNEQFF	TCRBV15	TCRBJ02
CASKGRQGLPINQPQHF	TCRBV19	TCRBJ01
CATGRSYEQYF	TCRBV06	TCRBJ02
CASSLGYFIHHNSPLHF	TCRBV03	TCRBJ01
CASSLDPSGRYNEQFF	TCRBV05	TCRBJ02
CASSSGRTRDTGELFF	TCRBV19	TCRBJ02
CASSSESYYGYTF	TCRBV11	TCRBJ01
CASSQVAGLAYEQYF	TCRBV03	TCRBJ02
CASSQVTGRLAESSYNEQFF	TCRBV04	TCRBJ02
CASSSARQGPTDTQYF	TCRBV11	TCRBJ02
CSGARDTGELFF	TCRBV20	TCRBJ02
CSARGRAGANTGELFF	TCRBV20	TCRBJ02
CSAPYADRATEAFF	TCRBV20	TCRBJ01
CASRPQGSAYNEQFF	TCRBV06	TCRBJ02
CAWKMTRGQVTTDTQYF	TCRBV30	TCRBJ02
CSAPGGRSLFYEQYF	TCRBV20	TCRBJ02
CASSLLPSGNYEQYF	TCRBV07	TCRBJ02
CSARRGVGNTEAFF	TCRBV20	TCRBJ01
CASSQVGNTEAFF	TCRBV04	TCRBJ01
CASSQDRTSRQQYF	TCRBV04	TCRBJ02
CASSLNSGTGGGTEAFF	TCRBV11	TCRBJ01
CASSRQGYDTEAFF	TCRBV10	TCRBJ01
CATSRDLGVNQPQHF	TCRBV15	TCRBJ01
CAWTFGTEYGYTF	TCRBV30	TCRBJ01
CASSYGGTGSSYEQYF	TCRBV06	TCRBJ02
CAIGEQGANYEQYF	TCRBV10	TCRBJ02
CASSLGAAEAFF	TCRBV05	TCRBJ01
CASSQVGLPNTEAFF	TCRBV04	TCRBJ01
CSAPVQGQPQHF	TCRBV20	TCRBJ01
CASSVRFHQPQHF	TCRBV03	TCRBJ01
CASSRPPSGSSYEQYF	TCRBV06	TCRBJ02
CSARDPRQGGGYNEQFF	TCRBV20	TCRBJ02
CASGAGDRNEQFF	TCRBV28	TCRBJ02
CASRPDGYTF	TCRBV21	TCRBJ01
CASGRTVSSNQPQHF	TCRBV19	TCRBJ01
CASSPVGNSREQYF	TCRBV11	TCRBJ02
CASSDSGYEQYF	TCRBV06	TCRBJ02
CASSLNGNTIYF	TCRBV09	TCRBJ01
CASSLEGGPSYNEQFF	TCRBV12	TCRBJ02
CSAWTGFYGYTF	TCRBV20	TCRBJ01
CASSFGPAGGNYGYTF	TCRBV02	TCRBJ01
CSARDPKRGAYEQYF	TCRBV20	TCRBJ02
CASSRTGSAYEQYF	TCRBV04	TCRBJ02
CASRDTFRGVYF	TCRBV06	TCRBJ01
CASSLVAASSYNEQFF	TCRBV05	TCRBJ02
CSAQAAGRGTDTQYF	TCRBV20	TCRBJ02
CATSDYGGLNTGELFF	TCRBV24	TCRBJ02
CASSLTFGSANTGELFF	TCRBV06	TCRBJ02
CASSLANEAFF	TCRBV05	TCRBJ01
CASSTSGDRGLGEQYF	TCRBV07	TCRBJ02
CATSRNRVAGNTIYF	TCRBV15	TCRBJ01
CASSLGGHLSPYF	TCRBV28	TCRBJ02
CASSQTGDTQYF	TCRBV11	TCRBJ02
CASGLQGYSNTGELFF	TCRBV12	TCRBJ02
CASRFTGMNTEAFF	TCRBV06	TCRBJ01
CASIERQGAYEQYF	TCRBV06	TCRBJ02
CSSGDPYEQYF	TCRBV20	TCRBJ02
CASRPWTDFDEQYF	TCRBV07	TCRBJ02
CAWKGLRDEQFF	TCRBV30	TCRBJ02
CASSIPTEAFF	TCRBV19	TCRBJ01
CASSQGRYEQYF	TCRBV10	TCRBJ02
CAWSHSNTIYF	TCRBV30	TCRBJ01
CASSLFGGGTQETQYF	TCRBV05	TCRBJ02
CASSDSDTDTQYF	TCRBV06	TCRBJ02
CASRPGQNTGELFF	TCRBV02	TCRBJ02
CASSPTDRDNEKLFF	TCRBV05	TCRBJ01
CASSSLGQGFGNQPQHF	TCRBV06	TCRBJ01
CASSYPPETFF	TCRBV06	TCRBJ01
CSVEDGIKPDTQYF	TCRBV29	TCRBJ02
CSARVGLAGREGTDTQYF	TCRBV20	TCRBJ02
CASRRGQSGSIEDTQYF	TCRBV05	TCRBJ02
CAWTKGAAARNTEAFF	TCRBV30	TCRBJ01
CSAASGASNQPQHF	TCRBV20	TCRBJ01
CASTRDSVSGNTIYF	TCRBV05	TCRBJ01
CATSTGFQETQYF	TCRBV24	TCRBJ02
CSARETGVYGYTF	TCRBV20	TCRBJ01
CASSVATEANYGYTF	TCRBV09	TCRBJ01
CASSQGRGLGEGYTF	TCRBV12	TCRBJ01
CASSLPEEGQYF	TCRBV12	TCRBJ02
CASSLTGADYEQYF	TCRBV05	TCRBJ02
CASSEALGGQGNEQYF	TCRBV06	TCRBJ02
CASSAEGVSGDGYTF	TCRBV06	TCRBJ01
CSARDGFWEQYF	TCRBV20	TCRBJ02
CSGDRGNNEQFF	TCRBV29	TCRBJ02
CASTSAAQTQYF	TCRBV12	TCRBJ02
CASSVWTSGRVTNTQYF	TCRBV10	TCRBJ02
CASSYEKGTNEKLFF	TCRBV06	TCRBJ01
CASSYGGGENYGYTF	TCRBV11	TCRBJ01
CASSPTGFQETQYF	TCRBV06	TCRBJ02
CASSKTGDKTQYF	TCRBV06	TCRBJ02
CASSLTSGRNTGELFF	TCRBV12	TCRBJ02
CASSWGQMNTEAFF	TCRBV05	TCRBJ01
CASSPLDYEQYF	TCRBV18	TCRBJ02
CASRQGDYEQYF	TCRBV06	TCRBJ02
CASSLRTGLNTGELFF	TCRBV04	TCRBJ02
CSAPPGTGNTEAFF	TCRBV20	TCRBJ01
CASSLGGLYSNQPQHF	TCRBV05	TCRBJ01
CASSYSASGRGEQYF	TCRBV06	TCRBJ02
CASSPGGAGSEQYF	TCRBV27	TCRBJ02
CASSLGYEQYF	TCRBV05	TCRBJ02
CASRSSYEQYF	TCRBV12	TCRBJ02
CASNIGGVTYEQYF	TCRBV30	TCRBJ02
CAWARGLDYEQYF	TCRBV30	TCRBJ02
CATRLGHDYEQYF	TCRBV27	TCRBJ02
CASTPGQLGNEQFF	TCRBV02	TCRBJ02
CASSPGTSGHNEQFF	TCRBV07	TCRBJ02
CASRLAGGSRETQYF	TCRBV02	TCRBJ02
CSASRTSGRSADTQYF	TCRBV20	TCRBJ02
CASSGAGAGDTEAFF	TCRBV02	TCRBJ01
CAISDRLNTEAFF	TCRBV10	TCRBJ01
CASSFLRDVYGYTF	TCRBV06	TCRBJ01
CASSPRDWTYEQYF	TCRBV07	TCRBJ02
CATSVGQGEKQYF	TCRBV24	TCRBJ02
CASRPLAREWNTIYF	TCRBV06	TCRBJ01
CASSVETSGNTIYF	TCRBV09	TCRBJ01
CASSLFEGEGVRNEQFF	TCRBV05	TCRBJ02
CASSVGETQYF	TCRBV09	TCRBJ02
CASSSDLNTEAFF	TCRBV09	TCRBJ01
CASSLGGGNNYGYTF	TCRBV05	TCRBJ01
CASSVGNYGYTF	TCRBV07	TCRBJ01
CASTRGLAGYNEQFF	TCRBV06	TCRBJ02
CSADPGLAHNEQFF	TCRBV20	TCRBJ02
CASSESGPQFF	TCRBV02	TCRBJ02
CATSEDGETQYF	TCRBV10	TCRBJ02
CASSMGPLTDTQYF	TCRBV05	TCRBJ02
CASSPANTGELFF	TCRBV27	TCRBJ02
CASSFDEGGQTFF	TCRBV07	TCRBJ01
CASSPSGPFHEQYF	TCRBV06	TCRBJ02
CASSSSGSRSNVLTF	TCRBV28	TCRBJ02
CASRLGNYNEQFF	TCRBV12	TCRBJ02
CASSQGWRDTDTQYF	TCRBV04	TCRBJ02
CASSFPDTSNQPQHF	TCRBV28	TCRBJ01
CASSLTRGQPQHF	TCRBV05	TCRBJ01
CASSSPRDRGFYGYTF	TCRBV19	TCRBJ01
CASSLGTGVRPEQYF	TCRBV07	TCRBJ02
CACPKGDYEQYF	TCRBV30	TCRBJ02
CATSDWEGGPGGTQYF	TCRBV24	TCRBJ02
CASSQRGEGTQYF	TCRBV03	TCRBJ02
CASSLSSPGLEETQYF	TCRBV07	TCRBJ02
CASSVASGRGDTQYF	TCRBV09	TCRBJ02
CASSVSPENTGELFF	TCRBV09	TCRBJ02
CASSSQGNTIYF	TCRBV05	TCRBJ01
CASSVGTTYNEQFF	TCRBV09	TCRBJ02
CSARRAPVRNQYF	TCRBV20	TCRBJ02
CASSYNQWAFF	TCRBV06	TCRBJ01
CASSRQGNQPQHF	TCRBV03	TCRBJ01
CASSPDPGRALYNEQFF	TCRBV05	TCRBJ02
CAWSVNGRAGGGDTQYF	TCRBV30	TCRBJ02
CASSVGHTSGRALNEQFF	TCRBV09	TCRBJ02
CATSRDWGQGGNEQFF	TCRBV15	TCRBJ02
CASSLEAGRQETQYF	TCRBV05	TCRBJ02
CASSLVQGGQETQYF	TCRBV05	TCRBJ02
CASSVGTGNTEAFF	TCRBV09	TCRBJ01
CSASRSIEAFF	TCRBV20	TCRBJ01
CASSALPTANYGYTF	TCRBV02	TCRBJ01
CASSSNALGLAYF	TCRBV27	TCRBJ02
CSASFSGNTIYF	TCRBV20	TCRBJ01
CASSQDSQAWGTQYF	TCRBV04	TCRBJ02
CATRPDRESAGELFF	TCRBV24	TCRBJ02
CSALAEGNTGELFF	TCRBV20	TCRBJ02
CSAPEQWGGAEAFF	TCRBV20	TCRBJ01
CASSSAGGNYGYTF	TCRBV05	TCRBJ01
CASSLSSSSGRFYEQYF	TCRBV11	TCRBJ02
CASSIASGNTIYF	TCRBV19	TCRBJ01
CATASGQGYQETQYF	TCRBV24	TCRBJ02
CASSLGVSGTDTQYF	TCRBV07	TCRBJ02
CASSYVRAGELFF	TCRBV06	TCRBJ02
CASSSQFPVSQGTEAFF	TCRBV04	TCRBJ01
CASSLQYYTEAFF	TCRBV07	TCRBJ01
CASSDAGRNEKLFF	TCRBV06	TCRBJ01
CSAPGGRNSYEQYF	TCRBV20	TCRBJ02
CASSSGLAEGDEQFF	TCRBV11	TCRBJ02
CASSVGRDPSYNEQFF	TCRBV09	TCRBJ02
CSVESEWRSSYNEQFF	TCRBV29	TCRBJ02
CASSLSGGANTEAFF	TCRBV28	TCRBJ01
CASSNPSREEQYF	TCRBV05	TCRBJ02
CAWSVRGDTIYF	TCRBV30	TCRBJ01
CASSLEPVTEQFF	TCRBV27	TCRBJ02
CASSYSVLALNYNEQFF	TCRBV06	TCRBJ02
CSAHTYRDTQYF	TCRBV20	TCRBJ02
CASSYDRAGGTDTQYF	TCRBV06	TCRBJ02
CSASMAGSNQPQHF	TCRBV20	TCRBJ01
CASSSQGSDTQYF	TCRBV19	TCRBJ02
CASSSRSDTQYF	TCRBV12	TCRBJ02
CASSLGSFQDTQYF	TCRBV11	TCRBJ02
CASSPGGPTGELFF	TCRBV05	TCRBJ02
CASRENTEAFF	TCRBV05	TCRBJ01
CASSLGTAYNQPQHF	TCRBV04	TCRBJ01
CASSSGFRQYF	TCRBV05	TCRBJ02
CASSLNLWDSGANVLTF	TCRBV07	TCRBJ02
CASSLSSGSYNEQFF	TCRBV04	TCRBJ02
CATSAPTGSSYNEQFF	TCRBV24	TCRBJ02
CASSSGRTWGDTQYF	TCRBV07	TCRBJ02
CASSRTASTDTQYF	TCRBV19	TCRBJ02
CASSTTQLRQGRTEAFF	TCRBV27	TCRBJ01
CASRDRGGTEAFF	TCRBV12	TCRBJ01
CATSRVGGGTNEAFF	TCRBV15	TCRBJ01
CANQRDRDQPQHF	TCRBV10	TCRBJ01
CASSEVSSGIDEQYF	TCRBV06	TCRBJ02
CASSPRTNEQFF	TCRBV06	TCRBJ02
CASSQERQGLAEKLFF	TCRBV04	TCRBJ01
CALIAGGSSYEQYF	TCRBV15	TCRBJ02
CASSRAVGGIETQYF	TCRBV04	TCRBJ02
CASSVSGPSTDTQYF	TCRBV09	TCRBJ02
CASSLRSPATDTQYF	TCRBV05	TCRBJ02
CAISEGRLNTGELFF	TCRBV10	TCRBJ02
CASSFNRGLGTEAFF	TCRBV05	TCRBJ01
CASVSNRGTEAFF	TCRBV12	TCRBJ01
CASSSADREIDTEAFF	TCRBV06	TCRBJ01
CASSLAPPGQGIYEQYF	TCRBV07	TCRBJ02
CASRAASGMHTEQFF	TCRBV12	TCRBJ02
CASSGQVSRGETQYF	TCRBV02	TCRBJ02
CASSQGLRHATDTQYF	TCRBV19	TCRBJ02
CASSWERSTGELFF	TCRBV07	TCRBJ02
CASSQGFNEKLFF	TCRBV11	TCRBJ01
CASKGTGGFGGYTF	TCRBV02	TCRBJ01
CASREPGSAAGEQYF	TCRBV06	TCRBJ02
CASNAYVGQGNEQFF	TCRBV12	TCRBJ02
CSVGAGQETQYF	TCRBV29	TCRBJ02
CASRLTFRVTDTQYF	TCRBV27	TCRBJ02
CASSYGGAPLGTGELFF	TCRBV06	TCRBJ02
CASSSAIEAFF	TCRBV05	TCRBJ01
CASSQQFSGYEKLFF	TCRBV06	TCRBJ01
CASSGPYSNQPQHF	TCRBV19	TCRBJ01
CASSSGTASNQPQHF	TCRBV19	TCRBJ01
CASSHGGLNQPQHF	TCRBV05	TCRBJ01
CASSPPGGGRSRPGANVLTF	TCRBV12	TCRBJ02
CATGQGDNEQFF	TCRBV06	TCRBJ02
CSARGAGGSETQYF	TCRBV20	TCRBJ02
CASSDGEFTDTQYF	TCRBV09	TCRBJ02
CASSGQANTGELFF	TCRBV25	TCRBJ02
CASSRGGGKNTGELFF	TCRBV05	TCRBJ02
CASLWSLNTEAFF	TCRBV06	TCRBJ01
CASSRQGDQPQHF	TCRBV06	TCRBJ01
CASSLGQGVGAGELFF	TCRBV09	TCRBJ02
CASSTGQGPSNYGYTF	TCRBV05	TCRBJ01
CASSSQGTGGYTF	TCRBV10	TCRBJ01
CSAPRGSYEQYF	TCRBV20	TCRBJ02
CASSPPLAGRYEQYF	TCRBV03	TCRBJ02
CASSFNEQYF	TCRBV05	TCRBJ02
CSARLAGGNNEQFF	TCRBV20	TCRBJ02
CASSSGTSSKSGYF	TCRBV07	TCRBJ02
CATSDGDIRSTDTQYF	TCRBV24	TCRBJ02
CASRLQVNQPQHF	TCRBV27	TCRBJ01
CASSLIGDRAYEQYF	TCRBV05	TCRBJ02
CASSQGTSLNEQFF	TCRBV03	TCRBJ02
CASSVTVVQETQYF	TCRBV07	TCRBJ02
CASSPTSGGTDTQYF	TCRBV03	TCRBJ02
CASSTDRGNQPQHF	TCRBV19	TCRBJ01
CAGAGLYGYTF	TCRBV30	TCRBJ01
CASSLTGGFRGEQYF	TCRBV05	TCRBJ02
CASSFSGGSYEQYF	TCRBV05	TCRBJ02
CSARDRGGDYEQYF	TCRBV20	TCRBJ02
CAASRGTAYNEQFF	TCRBV03	TCRBJ02
CASSQAWETQYF	TCRBV03	TCRBJ02
CASSLDAGPWMNTEAFF	TCRBV07	TCRBJ01
CASSLVSTGGEQYF	TCRBV07	TCRBJ02
CASSLESGLAGGASYEQYF	TCRBV07	TCRBJ02
CASSYTGQRVLGTQYF	TCRBV06	TCRBJ02
CSASGQGSGELFF	TCRBV20	TCRBJ02
CASSPDSTNTGELFF	TCRBV06	TCRBJ02
CASSSQGNTEAFF	TCRBV03	TCRBJ01
CASSWTGRYGYTF	TCRBV27	TCRBJ01
CASSLEWGIGTVFYEQYF	TCRBV11	TCRBJ02
CASSLSTRDYSYEQYF	TCRBV27	TCRBJ02
CATAVRLGSGNTIYF	TCRBV06	TCRBJ01
CAISESVVQFF	TCRBV10	TCRBJ02
CSASKGTNEQFF	TCRBV20	TCRBJ02
CGASGRTGWFNEQFF	TCRBV20	TCRBJ02
CSAKGLAGLNEQFF	TCRBV20	TCRBJ02
CASSLEATWGNEQFF	TCRBV11	TCRBJ02
CASSPGTNNEQFF	TCRBV05	TCRBJ02
CASSLTLNGELFF	TCRBV07	TCRBJ02
CASSLDPPSYEQYF	TCRBV07	TCRBJ02
CASSLKGDITYEQYF	TCRBV27	TCRBJ02
CASSSTLGDEQYF	TCRBV07	TCRBJ02
CASSLEAGEGNEQFF	TCRBV11	TCRBJ02
CATSGQVTDTQYF	TCRBV24	TCRBJ02
CASSQGAGELFF	TCRBV04	TCRBJ02
CASSPRQGPTGELFF	TCRBV07	TCRBJ02
CSARAFGLSSYEQYF	TCRBV20	TCRBJ02
CASSSKDFTYEQYF	TCRBV07	TCRBJ02
CASSIFEGRYSGANVLTF	TCRBV19	TCRBJ02
CASHRVKETQYF	TCRBV02	TCRBJ02
CASSIGGRETQYF	TCRBV19	TCRBJ02
CASSWEALAGDTQYF	TCRBV05	TCRBJ02
CASRPTGSGTDTQYF	TCRBV12	TCRBJ02
CSARSRLPSTDTQYF	TCRBV20	TCRBJ02
CASSVSGQGTGELFF	TCRBV06	TCRBJ02
CASSQGSAYSNTGELFF	TCRBV04	TCRBJ02
CASSVGGQPNTGELFF	TCRBV09	TCRBJ02
CASSWTGGNTEAFF	TCRBV05	TCRBJ01
CSAMGPQNTEAFF	TCRBV20	TCRBJ01
CASSLEQGGEKLFF	TCRBV05	TCRBJ01
CARSYPRGYTF	TCRBV09	TCRBJ01
CSATQTSGRYEQYF	TCRBV20	TCRBJ02
CASSEHRASGNTIYF	TCRBV02	TCRBJ01
CASSFLSSVHNEQFF	TCRBV07	TCRBJ02
CASSYSSWRGGQETQYF	TCRBV06	TCRBJ02
CASSDRTGGYQPQHF	TCRBV06	TCRBJ01
CASAAGQVYQPQHF	TCRBV19	TCRBJ01
CASSFYTGGLGGYTF	TCRBV07	TCRBJ01
CASSPEVVGYGYTF	TCRBV07	TCRBJ01
CASSHSNRDRGRKNYGYTF	TCRBV04	TCRBJ01
CASSRSYNYEQYF	TCRBV04	TCRBJ02
CASSPGTGGAKNIQYF	TCRBV27	TCRBJ02
CSARYAGPGETQYF	TCRBV20	TCRBJ02
CASSSGLAGETQYF	TCRBV07	TCRBJ02
CASSRTGSESEAFF	TCRBV05	TCRBJ01
CASGVSQTNEKLFF	TCRBV06	TCRBJ01
CASSDSRGTRGAMENIQYF	TCRBV25	TCRBJ02
CSARGGALGEQFF	TCRBV20	TCRBJ02
CSTGVVETQYF	TCRBV20	TCRBJ02
CASSYLGSLYGYTF	TCRBV06	TCRBJ01
CSARDQAYEQYF	TCRBV20	TCRBJ02
CASRRFITGAKDEQYF	TCRBV10	TCRBJ02
CAISSGTDKNIQYF	TCRBV10	TCRBJ02
CASSIEGTSYLNEQFF	TCRBV05	TCRBJ02
CASSVETPGAYNEQFF	TCRBV09	TCRBJ02
CSARDTSGSFNTQYF	TCRBV20	TCRBJ02
CAISESGGAGELFF	TCRBV10	TCRBJ02
CASKYYNTGELFF	TCRBV06	TCRBJ02
CASSQNFNGELFF	TCRBV03	TCRBJ02
CASCPGDGTEAFF	TCRBV02	TCRBJ01
CASSYRGVLNTEAFF	TCRBV06	TCRBJ01
CASSQHTGGFNEKLFF	TCRBV03	TCRBJ01
CATSRDMRGMHQPQHF	TCRBV15	TCRBJ01
CASSYRPIWTANYGYTF	TCRBV06	TCRBJ01
CSARGGPGDGYTF	TCRBV20	TCRBJ01
CASSQDSRGPTYEQYF	TCRBV04	TCRBJ02
CASSEVGRAGETQYF	TCRBV02	TCRBJ02
CATSDSGTLVTDTQYF	TCRBV24	TCRBJ02
CASSPGRQGSTEAFF	TCRBV05	TCRBJ01
CASSIGLDTEAFF	TCRBV19	TCRBJ01
CASSALYIAGGTYEQYF	TCRBV06	TCRBJ02
CASISGDRGNEQFF	TCRBV28	TCRBJ02
CASSQDLQGSYNEQFF	TCRBV04	TCRBJ02
CASSLDPESSYNEQFF	TCRBV11	TCRBJ02
CASSLMASGMGEQFF	TCRBV07	TCRBJ02
CASSSVTGETQYF	TCRBV11	TCRBJ02
CSAREPQGPTNEKLFF	TCRBV20	TCRBJ01
CASSDFNNEKLFF	TCRBV05	TCRBJ01
CASSLEQGGQPQHF	TCRBV05	TCRBJ01
CSARGPLIAGGWPYEQYF	TCRBV20	TCRBJ02
CASSSSSGLPNEQFF	TCRBV11	TCRBJ02
CASSVGAHSGAYNEQFF	TCRBV09	TCRBJ02
CASSQEAGSTDTQYF	TCRBV04	TCRBJ02
CSARGLTDTQYF	TCRBV20	TCRBJ02
CASSPPNDLYEQYF	TCRBV18	TCRBJ02
CASSLERAGMQYEQYF	TCRBV07	TCRBJ02
CATSRGGYEQYF	TCRBV15	TCRBJ02
CASSFIAGLTYNEQFF	TCRBV07	TCRBJ02
CASSAGLPMWDTQYF	TCRBV05	TCRBJ02
CAWSVLWETGTDTQYF	TCRBV30	TCRBJ02
CASSPGDRDTDTQYF	TCRBV05	TCRBJ02
CASRFEGNTGELFF	TCRBV06	TCRBJ02
CASSLGVTAEAFF	TCRBV05	TCRBJ01
CASSASGNTEAFF	TCRBV06	TCRBJ01
CASSYSAPRTATTNEKLFF	TCRBV06	TCRBJ01
CASSEFGTDNQPQHF	TCRBV25	TCRBJ01
CATSQGGGWGQPQHF	TCRBV24	TCRBJ01
CASSRGNYGYTF	TCRBV09	TCRBJ01
CASSSGQEGETQYF	TCRBV05	TCRBJ02
CSASAPTSGSMDTQYF	TCRBV20	TCRBJ02
CASSEMTSGYVMDTQYF	TCRBV06	TCRBJ02
CASSLEGPQDTQYF	TCRBV11	TCRBJ02
CASSLSQGGDTQYF	TCRBV27	TCRBJ02
CASSSSGLGYGYTF	TCRBV05	TCRBJ01
CASSLIGSHGYTF	TCRBV12	TCRBJ01
CASSLAGTSGSYEQYF	TCRBV11	TCRBJ02
CASSSRQARSYEQYF	TCRBV28	TCRBJ02
CASSQSHEQFF	TCRBV03	TCRBJ02
CASSQQAGTPYNEQFF	TCRBV04	TCRBJ02
CAISGEPTGTSGRAPQETQYF	TCRBV10	TCRBJ02
CASSTGTQETQYF	TCRBV06	TCRBJ02
CASSAGGHTDTQYF	TCRBV06	TCRBJ02
CATRGDGNTEAFF	TCRBV24	TCRBJ01
CASNPTGSNQPQHF	TCRBV06	TCRBJ01
CASSEGTSAYYEQYF	TCRBV14	TCRBJ02
CASSFLTFGGDEQFF	TCRBV05	TCRBJ02
CASSYRSSGSGGDKNEQFF	TCRBV06	TCRBJ02
CAIRPGQGYNEQFF	TCRBV10	TCRBJ02
CASSQGLAYNEQFF	TCRBV03	TCRBJ02
CASSQDGGQGETQYF	TCRBV04	TCRBJ02
CSASRTSGRAADTQYF	TCRBV20	TCRBJ02
CASRANTGELFF	TCRBV03	TCRBJ02
CASSDYSNQPQHF	TCRBV28	TCRBJ01
CASSLETGIGGEQYF	TCRBV05	TCRBJ02
CSAEGTSGDSYEQYF	TCRBV20	TCRBJ02
CASSQGAAKNIQYF	TCRBV03	TCRBJ02
CASSGTSGRHEQFF	TCRBV02	TCRBJ02
CASTQGIINEQFF	TCRBV10	TCRBJ02
CASSPTSGSNPDNEQFF	TCRBV12	TCRBJ02
CASSWDANNEQFF	TCRBV12	TCRBJ02
CSAGLAGENEQFF	TCRBV20	TCRBJ02
CAISESGKGETQYF	TCRBV10	TCRBJ02
CASSQDVFAGGTGELFF	TCRBV04	TCRBJ02
CASRADRGSDTEAFF	TCRBV05	TCRBJ01
CASSQTENTEAFF	TCRBV19	TCRBJ01
CASSIGGVIYGYTF	TCRBV05	TCRBJ01
CASSAGLAGVYEQYF	TCRBV11	TCRBJ02
CASSQEVLTKNIQYF	TCRBV04	TCRBJ02
CASSLGGLARIKFF	TCRBV05	TCRBJ02
CSARTDPPETQYF	TCRBV20	TCRBJ02
CASRTGGAYTQYF	TCRBV06	TCRBJ02
CASRLGGRGLIDGSTIYF	TCRBV02	TCRBJ01
CAISELRDEQFF	TCRBV10	TCRBJ02
CASSPGIGETQYF	TCRBV14	TCRBJ02
CSPLLAGKETQYF	TCRBV20	TCRBJ02
CAISEGPTQYF	TCRBV10	TCRBJ02
CASSQGPYTSTDTQYF	TCRBV04	TCRBJ02
CASSVGGAGVSGELFF	TCRBV09	TCRBJ02
CSASEVSLGELFF	TCRBV20	TCRBJ02
CASSQGKIEYEQYF	TCRBV28	TCRBJ02
CASSLVGGISYEQYF	TCRBV28	TCRBJ02
CSARGQGNRGRNEQYF	TCRBV20	TCRBJ02
CSVPRRSGRALNEQFF	TCRBV29	TCRBJ02
CSADRGQETQYF	TCRBV29	TCRBJ02
CASSTGRTSKETQYF	TCRBV19	TCRBJ02
CASSFAGPGDTQYF	TCRBV05	TCRBJ02
CASSYLSRQGSTGELFF	TCRBV06	TCRBJ02
CASSFKGTNTGELFF	TCRBV27	TCRBJ02
CASSLQWNTEAFF	TCRBV28	TCRBJ01
CASSIAGPYEQYF	TCRBV27	TCRBJ02
CASSIGTSGTTYEQYF	TCRBV19	TCRBJ02
CASSPPSHYEQYF	TCRBV07	TCRBJ02
CSAGQGSANEQFF	TCRBV20	TCRBJ02
CASSKRLQGSYNEQFF	TCRBV21	TCRBJ02
CASSLGLAINNEQFF	TCRBV03	TCRBJ02
CASSLGTGTGELFF	TCRBV11	TCRBJ02
CASRPLNQGAREAFF	TCRBV02	TCRBJ01
CASSIDLGSGALNTEAFF	TCRBV19	TCRBJ01
CASSDTLQGDYGYTF	TCRBV02	TCRBJ01
CASSLLNSGGVYEQYF	TCRBV05	TCRBJ02
CSASQGYEQYF	TCRBV20	TCRBJ02
CASSGPDRGVPYEQYF	TCRBV05	TCRBJ02
CAYRPGGGNIQYF	TCRBV30	TCRBJ02
CASSLGDRGNEQFF	TCRBV07	TCRBJ02
CASNLPGQGPNEQFF	TCRBV12	TCRBJ02
CASSDSELETQYF	TCRBV02	TCRBJ02
CASSQSSGGRETQYF	TCRBV04	TCRBJ02
CSARVRSWQAETQYF	TCRBV20	TCRBJ02
CASSAVGGSTDTQYF	TCRBV06	TCRBJ02
CASRRVGTGEGELFF	TCRBV10	TCRBJ02
CASRMAGELFF	TCRBV06	TCRBJ02
CASSLGAGGSAYEQYF	TCRBV05	TCRBJ02
CASTQDSVSGNTIYF	TCRBV05	TCRBJ01
CASSPGGGSGHNEQFF	TCRBV07	TCRBJ02
CASSAQLGALNEQFF	TCRBV09	TCRBJ02
CAWSVQSTTDTQYF	TCRBV30	TCRBJ02
CASSLAGVRTGSGYTF	TCRBV05	TCRBJ01
CASSGREGFYGYTF	TCRBV28	TCRBJ01
CASSLAFTGRVREQYF	TCRBV05	TCRBJ02
CASSIAGANVLTF	TCRBV19	TCRBJ02
CSASEGGLADNEQFF	TCRBV20	TCRBJ02
CASSDRGRTDTQYF	TCRBV02	TCRBJ02
CASSELAGVDTGELFF	TCRBV06	TCRBJ02
CASSGTSGRALANTGELFF	TCRBV04	TCRBJ02
CASSSTQMNTEAFF	TCRBV10	TCRBJ01
CASSEEWNTEAFF	TCRBV02	TCRBJ01
CATSRGGSSYEQYF	TCRBV15	TCRBJ02
CASSLRDYTYEQYF	TCRBV07	TCRBJ02
CSLGTYEQYF	TCRBV20	TCRBJ02
CSARDPRSSDEQYF	TCRBV20	TCRBJ02
CATSDRASGSSNEQFF	TCRBV24	TCRBJ02
CASSFGGSNEQFF	TCRBV07	TCRBJ02
CASSLGSYNEQFF	TCRBV11	TCRBJ02
CSAQEGGETQYF	TCRBV20	TCRBJ02
CASSAQRDQGETQYF	TCRBV02	TCRBJ02
CSAPRDRGATEAFF	TCRBV20	TCRBJ01
CASSASFNTEAFF	TCRBV06	TCRBJ01
CASSPAPGTSNEKLFF	TCRBV07	TCRBJ01
CASGTGSSGNTIYF	TCRBV12	TCRBJ01
CASSLGTSYAGNEQFF	TCRBV19	TCRBJ02
CAISPKGYTDTQYF	TCRBV10	TCRBJ02
CSAMDVRGTHEAFF	TCRBV20	TCRBJ01
CATSDGSEKLFF	TCRBV24	TCRBJ01
CASSEVEKLFF	TCRBV02	TCRBJ01
CASSFGQSEQYF	TCRBV07	TCRBJ02
CASSPMGNPYEQYF	TCRBV18	TCRBJ02
CASRDAGGEGNTIYF	TCRBV06	TCRBJ01
CASRTTGVAGANVLTF	TCRBV02	TCRBJ02
CASSPPLASGRRGEQFF	TCRBV05	TCRBJ02
CATSGSTRDEQFF	TCRBV24	TCRBJ02
CASSEAKGEGRNEQFF	TCRBV02	TCRBJ02
CASSETGGSYNEQFF	TCRBV06	TCRBJ02
CASLLEGHYNEQFF	TCRBV12	TCRBJ02
CSAMTGGETQYF	TCRBV20	TCRBJ02
CASSLGAGSSTDTQYF	TCRBV05	TCRBJ02
CASSSYVGAEAFF	TCRBV28	TCRBJ01
CASSVVPRPLDSGNTIYF	TCRBV09	TCRBJ01
CAISEREDEQFF	TCRBV10	TCRBJ02
CASSFLDNLNEQFF	TCRBV11	TCRBJ02
CSAFKPGRFYNEQFF	TCRBV20	TCRBJ02
CASSAPIRGETSGRPHQYF	TCRBV09	TCRBJ02
CATSVSGRGRGTDTQYF	TCRBV24	TCRBJ02
CAISLESTDTQYF	TCRBV10	TCRBJ02
CSAPTESTEAFF	TCRBV20	TCRBJ01
CSASTPGTGNQPQHF	TCRBV20	TCRBJ01
CASSLTGVDYGYTF	TCRBV13	TCRBJ01
CASSEPGQVPAYEQYF	TCRBV10	TCRBJ02
CASSLRGQGDSGANVLTF	TCRBV07	TCRBJ02
CASRLEAGEDSGANVLTF	TCRBV12	TCRBJ02
CSAFSGRSNEQFF	TCRBV20	TCRBJ02
CASSLYLRGYQETQYF	TCRBV28	TCRBJ02
CASSETSQTGTDTQYF	TCRBV06	TCRBJ02
CASSQTGASTDTQYF	TCRBV03	TCRBJ02
CASSYSSTQYF	TCRBV06	TCRBJ02
CASSLGLNTEAFF	TCRBV11	TCRBJ01
CSAPDRVTNEKLFF	TCRBV20	TCRBJ01
CASSRNYGYTF	TCRBV19	TCRBJ01
CASSLAVGASYEQYF	TCRBV11	TCRBJ02
CASSLALGAPSGNTIYF	TCRBV07	TCRBJ01
CASSLGGGPSNEQFF	TCRBV05	TCRBJ02
CAISESQGNYNEQFF	TCRBV10	TCRBJ02
CASSLTSARETQYF	TCRBV02	TCRBJ02
CASSLVAGQETQYF	TCRBV05	TCRBJ02
CATRDTGGSDTQYF	TCRBV24	TCRBJ02
CSARGRVGPDTQYF	TCRBV20	TCRBJ02
CASSLVPAGPHEQYF	TCRBV07	TCRBJ02
CASSLAGGGNTIYF	TCRBV12	TCRBJ01
CASSASPGGETQYF	TCRBV02	TCRBJ02
CASRPGLTGPQETQYF	TCRBV28	TCRBJ02
CAISPKGSEQETQYF	TCRBV10	TCRBJ02
CASSQARGGQTQYF	TCRBV03	TCRBJ02
CASSFQGAGTEAFF	TCRBV12	TCRBJ01
CASSPTPGGKTEAFF	TCRBV06	TCRBJ01
CASSSDRDPYWPQHF	TCRBV06	TCRBJ01
CATLPSVGTYSNQPQHF	TCRBV19	TCRBJ01
CASSSRSPRGRIEQYF	TCRBV27	TCRBJ02
CASSLALPYEQYF	TCRBV07	TCRBJ02
CASSSQGLATFDEQFF	TCRBV07	TCRBJ02
CASSRRQDSYNEQFF	TCRBV05	TCRBJ02
CASSPLTTPGTEQFF	TCRBV11	TCRBJ02
CASNLASGETQYF	TCRBV05	TCRBJ02
CASSTRTGEGETQYF	TCRBV27	TCRBJ02
CASRNSGSGTDTQYF	TCRBV06	TCRBJ02
CASSQDPSASHTDTQYF	TCRBV04	TCRBJ02
CASILSVSVATGELFF	TCRBV06	TCRBJ02
CASSQPFENTGELFF	TCRBV04	TCRBJ02
CSADRGLNTEAFF	TCRBV20	TCRBJ01
CTSSLATTNTEAFF	TCRBV05	TCRBJ01
CASPGNVSTNEKLFF	TCRBV03	TCRBJ01
CASSLEGGTGTANQPQHF	TCRBV07	TCRBJ01
CASSFQGTNQPQHF	TCRBV07	TCRBJ01
CASSPTWGPNQPQHF	TCRBV07	TCRBJ01
CASSRTGSRFRGYTF	TCRBV28	TCRBJ01
CASSPPGQAFYEQYF	TCRBV03	TCRBJ02
CASSEPGQGRYEQYF	TCRBV28	TCRBJ02
CATSDLDSSTGELFF	TCRBV24	TCRBJ02
CASSEPGTALGEQYF	TCRBV10	TCRBJ02
CASSWGSPGASGNTIYF	TCRBV05	TCRBJ01
CATSIILDNEQFF	TCRBV15	TCRBJ02
CASSLEGTQYF	TCRBV07	TCRBJ02
CASSYGGESDTQYF	TCRBV06	TCRBJ02
CASSTWDGGTDTQYF	TCRBV09	TCRBJ02
CASTAGPGNLGGYTF	TCRBV28	TCRBJ01
CSASTSGTLAKNIQYF	TCRBV20	TCRBJ02
CASSEAGGTSGITYNEQFF	TCRBV02	TCRBJ02
CASSLDDLTDTQYF	TCRBV05	TCRBJ02
CSARILGGGGTDTQYF	TCRBV20	TCRBJ02
CASSLAGNPGELFF	TCRBV07	TCRBJ02
CASSLVSGELFF	TCRBV11	TCRBJ02
CASSLQGGTEAFF	TCRBV06	TCRBJ01
CASSLSGQVSNQPQHF	TCRBV27	TCRBJ01
CASSQAQGTSLYGYTF	TCRBV03	TCRBJ01
CASSRTSGAYEQYF	TCRBV07	TCRBJ02
CSARPLDYNEQFF	TCRBV20	TCRBJ02
CASSREGAYNEQFF	TCRBV04	TCRBJ02
CSASKSINEQFF	TCRBV20	TCRBJ02
CASSFTDTQYF	TCRBV05	TCRBJ02
CASGGTNTDTQYF	TCRBV06	TCRBJ02
CASSLSNTGELFF	TCRBV27	TCRBJ02
CASSPGTGGITEAFF	TCRBV07	TCRBJ01
CASSLGGQPNQPQHF	TCRBV07	TCRBJ01
CASRAPGTAATYEQYF	TCRBV19	TCRBJ02
CASSLGLAGEQYF	TCRBV07	TCRBJ02
CASSAGISGNTIYF	TCRBV09	TCRBJ01
CASSQDLASGSRGETQYF	TCRBV14	TCRBJ02
CASSQEAGLQETQYF	TCRBV03	TCRBJ02
CATRQGDTQYF	TCRBV24	TCRBJ02
CASSVGTSGSGATDTQYF	TCRBV09	TCRBJ02
CASTTGGWNQPQHF	TCRBV19	TCRBJ01
CASRTSGSEQYF	TCRBV02	TCRBJ02
CASSLQAGRYEQYF	TCRBV07	TCRBJ02
CRVVSGTRSGEQFF	TCRBV20	TCRBJ02
CASSLGQEYNEQFF	TCRBV02	TCRBJ02
CASSLAGGRETQYF	TCRBV07	TCRBJ02
CASSHGDYWADTQYF	TCRBV03	TCRBJ02
CSAGADTQYF	TCRBV20	TCRBJ02
CASSVAAGTSTDTQYF	TCRBV09	TCRBJ02
CASRGEHWELFF	TCRBV06	TCRBJ02
CAISESPPGPTGELFF	TCRBV10	TCRBJ02
CASSLTQGAQNGELFF	TCRBV11	TCRBJ02
CASSGLRGTEAFF	TCRBV06	TCRBJ01
CATKGGFTEAFF	TCRBV19	TCRBJ01
CSADPATNEKLFF	TCRBV20	TCRBJ01
CASSQGDNEKLFF	TCRBV03	TCRBJ01
CASSLDGGGGNQPQHF	TCRBV05	TCRBJ01
CASERNYGYTF	TCRBV19	TCRBJ01
CASSEGHQGNTIYF	TCRBV06	TCRBJ01
CASSVSEQFF	TCRBV02	TCRBJ02
CASATRNEQFF	TCRBV27	TCRBJ02
CASRGDFQETQYF	TCRBV07	TCRBJ02
CASSTPGTATNLQETQYF	TCRBV02	TCRBJ02
CASSLSRLTQETQYF	TCRBV11	TCRBJ02
CASSPGQGLFTDTQYF	TCRBV06	TCRBJ02
CASSWGALTDTQYF	TCRBV05	TCRBJ02
CSAGRAGAGTDTQYF	TCRBV29	TCRBJ02
CASRNAGELFF	TCRBV03	TCRBJ02
CASSPRGPGELFF	TCRBV05	TCRBJ02
CASSTTGGITGELFF	TCRBV19	TCRBJ02
CASSERQGTGELFF	TCRBV10	TCRBJ02
CASSPPLGTANTGELFF	TCRBV19	TCRBJ02
CASSLNGMNTEAFF	TCRBV28	TCRBJ01
CASFGLPLYSNQPQHF	TCRBV06	TCRBJ01
CASSFTSGQGIAGYTF	TCRBV28	TCRBJ01
CASTRSDSGSYEQYF	TCRBV06	TCRBJ02
CASSEQALAGNTIYF	TCRBV06	TCRBJ01
CATSRGKGSENEQFF	TCRBV15	TCRBJ02
CASSPQGASGTDTQYF	TCRBV04	TCRBJ02
CASSLGTTDTQYF	TCRBV05	TCRBJ02
CASSPRQGAYSNEKLFF	TCRBV04	TCRBJ01
CASSKMATTIGEKLFF	TCRBV02	TCRBJ01
CASSYSTSAYSNQPQHF	TCRBV06	TCRBJ01
CSARDWLAGYNEQFF	TCRBV20	TCRBJ02
CASSWTSGSGETQYF	TCRBV07	TCRBJ02
CASSLLSSGVTDTQYF	TCRBV27	TCRBJ02
CASSLRPGTEAFF	TCRBV11	TCRBJ01
CASSGTGGQPQHF	TCRBV02	TCRBJ01
CASSYEGLLKQPQHF	TCRBV06	TCRBJ01
CASSLGATGANVLTF	TCRBV07	TCRBJ02
CATSDTSGDLYNEQFF	TCRBV24	TCRBJ02
CASSTRSGSNNEQFF	TCRBV05	TCRBJ02
CASSERLAGTQYF	TCRBV02	TCRBJ02
CASSLVVSTDTQYF	TCRBV05	TCRBJ02
CATKPGLNTDTQYF	TCRBV03	TCRBJ02
CASSQDPGQAEAFF	TCRBV14	TCRBJ01
CASSPGRGSYGYTF	TCRBV05	TCRBJ01
CSVDQGAPEGYTF	TCRBV29	TCRBJ01
CASSDLGGESSYEQYF	TCRBV06	TCRBJ02
CASSSGTSAYEQYF	TCRBV28	TCRBJ02
CASSLSGVTSGNTIYF	TCRBV07	TCRBJ01
CATGDSEGGSYNEQFF	TCRBV24	TCRBJ02
CATSGTSGSSGYNEQFF	TCRBV24	TCRBJ02
CSASQAAFSYNEQFF	TCRBV20	TCRBJ02
CASSPGARGHYNEQFF	TCRBV07	TCRBJ02
CASSGSGTSGKGQETQYF	TCRBV10	TCRBJ02
CASSPLGSGLLADTQYF	TCRBV07	TCRBJ02
CSANQGAGTDTQYF	TCRBV20	TCRBJ02
CSARDPHTDTQYF	TCRBV20	TCRBJ02
CASSPPLAGGTGELFF	TCRBV27	TCRBJ02
CASSLQQGGRDGYTF	TCRBV04	TCRBJ01
CASSVISGTGTEQYF	TCRBV06	TCRBJ02
CASSYARTASGANVLTF	TCRBV06	TCRBJ02
CASSLTLAGANVLTF	TCRBV27	TCRBJ02
CAISGQGEVYNEQFF	TCRBV10	TCRBJ02
CSARPRLAETPNLQYF	TCRBV20	TCRBJ02
CASRVGRSTEAFF	TCRBV02	TCRBJ01
CASSFGENTEAFF	TCRBV07	TCRBJ01
CSARDYRYNQPQHF	TCRBV20	TCRBJ01
CASSLQTGKNQPQHF	TCRBV05	TCRBJ01
CASSHRDYTYEQYF	TCRBV07	TCRBJ02
CASSIQGQGTYEQYF	TCRBV19	TCRBJ02
CASSPGQGFYEQYF	TCRBV14	TCRBJ02
CATSLRPVNEQFF	TCRBV15	TCRBJ02
CASSFRRDPYNEQFF	TCRBV11	TCRBJ02
CASSFGPDTQYF	TCRBV11	TCRBJ02
CSAPREFSSGELFF	TCRBV20	TCRBJ02
CASSHRTNTGELFF	TCRBV19	TCRBJ02
CASSLAPGRGFRNTEAFF	TCRBV12	TCRBJ01
CASSDPGLAPLEQYF	TCRBV10	TCRBJ02
CASSIGQAGSEQYF	TCRBV19	TCRBJ02
CASSFWDRGYEQYF	TCRBV27	TCRBJ02
CASGGAGEQFF	TCRBV02	TCRBJ02
CASSLAIAQETQYF	TCRBV07	TCRBJ02
CASSYLGQGQSTDTQYF	TCRBV09	TCRBJ02
CASSPRSGRGGELFF	TCRBV07	TCRBJ02
CASSLGQHNTGELFF	TCRBV05	TCRBJ02
CASSQVEAELFF	TCRBV03	TCRBJ02
CAIRQGDTEAFF	TCRBV10	TCRBJ01
CASSLISTGPLFF	TCRBV07	TCRBJ01
CASSYSSSGTAQFPNYGYTF	TCRBV06	TCRBJ01
CAPSRWNYGYTF	TCRBV28	TCRBJ01
CASSLTRNEQFF	TCRBV28	TCRBJ02
CASSSTSGRPLSYNEQFF	TCRBV13	TCRBJ02
CSAQTGGETQYF	TCRBV20	TCRBJ02
CASSQGLAGGYQETQYF	TCRBV14	TCRBJ02
CSARDPRYRGQYF	TCRBV20	TCRBJ02
CASSSDGALADTQYF	TCRBV05	TCRBJ02
CASSAGQGRTEAFF	TCRBV07	TCRBJ01
CSARATETEAFF	TCRBV20	TCRBJ01
CASSRGPNTEAFF	TCRBV07	TCRBJ01
CAISATGGNQPQHF	TCRBV10	TCRBJ01
CSAAQDNSNQPQHF	TCRBV20	TCRBJ01
CASSFQGLAGGEQYF	TCRBV27	TCRBJ02
CASSQGPGLAGGEQYF	TCRBV09	TCRBJ02
CASSYFGIGPQYF	TCRBV06	TCRBJ02
CASSLLGLAGGKGEQFF	TCRBV05	TCRBJ02
CASSLLGTGGSYNEQFF	TCRBV06	TCRBJ02
CSAATSTGGGIETQYF	TCRBV20	TCRBJ02
CASTLPGLALDTQYF	TCRBV06	TCRBJ02
CASSITSVSTDTQYF	TCRBV07	TCRBJ02
CASSQGVGTEAFF	TCRBV19	TCRBJ01
CASRPPGGGERQPQHF	TCRBV06	TCRBJ01
CASSWGQGAEGYTF	TCRBV09	TCRBJ01
CASSSGGLLYEQYF	TCRBV07	TCRBJ02
CASSRTGTSGYEQYF	TCRBV27	TCRBJ02
CASKENSGANVLTF	TCRBV19	TCRBJ02
CASSLVEGTLKGENIQYF	TCRBV07	TCRBJ02
CASRATVNEQFF	TCRBV02	TCRBJ02
CASSGLPYNEQFF	TCRBV19	TCRBJ02
CASSMSATSSYNEQFF	TCRBV19	TCRBJ02
CASSFGGEDTQYF	TCRBV05	TCRBJ02
CASSLSVDTQYF	TCRBV07	TCRBJ02
CASSFASGRGTGELFF	TCRBV07	TCRBJ02
CASSLATAPNEKLFF	TCRBV07	TCRBJ01
CASSVGQGKSYEQYF	TCRBV07	TCRBJ02
CASSEYNGGHSGNTIYF	TCRBV06	TCRBJ01
CAGENIQYF	TCRBV19	TCRBJ02
CAWGTGATSEQFF	TCRBV30	TCRBJ02
CASSSGQKETQYF	TCRBV11	TCRBJ02
CASSENRDTQYF	TCRBV06	TCRBJ02
CASSTLGGSADTQYF	TCRBV06	TCRBJ02
CSARDGRRGTDTQYF	TCRBV20	TCRBJ02
CATGGQGVGTEAFF	TCRBV06	TCRBJ01
CAISGSGHFEKLFF	TCRBV10	TCRBJ01
CASSIARTATYEQYF	TCRBV19	TCRBJ02
CASSAGGSTDTQYF	TCRBV19	TCRBJ02
CASSPLQGAGTEAFF	TCRBV05	TCRBJ01
CASSTRTGSNQPQHF	TCRBV19	TCRBJ01
CATSREYVRYEQYF	TCRBV15	TCRBJ02
CASSVVGSGTGNTIYF	TCRBV09	TCRBJ01
CASSQKQGSSGANVLTF	TCRBV06	TCRBJ02
CASSPGGQLAKNIQYF	TCRBV12	TCRBJ02
CASSFRGRGLAGYTDTQYF	TCRBV07	TCRBJ02
CSASTITPSTDTQYF	TCRBV20	TCRBJ02
CASSSTLGAGELFF	TCRBV07	TCRBJ02
CASSIRRFENTEAFF	TCRBV19	TCRBJ01
CASSLWGGSNTEAFF	TCRBV07	TCRBJ01
CARTDAPHEKLFF	TCRBV30	TCRBJ01
CASSQEGYEQYF	TCRBV04	TCRBJ02
CASRGQYNEQFF	TCRBV03	TCRBJ02
CASSRQAFSEGLGELFF	TCRBV07	TCRBJ02
CASSLAIRGAGELFF	TCRBV27	TCRBJ02
CASSFQGTEAFF	TCRBV06	TCRBJ01
CASSRKDTEAFF	TCRBV07	TCRBJ01
CASSEELVQGNEKLFF	TCRBV02	TCRBJ01
CSAGDGSHGYTF	TCRBV20	TCRBJ01
CASSLSVFYEQYF	TCRBV27	TCRBJ02
CASTAGGDSYEQYF	TCRBV19	TCRBJ02
CASSPRDYTYEQYF	TCRBV07	TCRBJ02
CASSQVYRGLSYNEQFF	TCRBV03	TCRBJ02
CASIRGGSYNEQFF	TCRBV02	TCRBJ02
CASSYGLDYNEQFF	TCRBV06	TCRBJ02
CASILQTSRVGEQFF	TCRBV12	TCRBJ02
CSARGPEGLDYEQYF	TCRBV20	TCRBJ02
CASSSTSLYEQFF	TCRBV27	TCRBJ02
CASSFGLAVWDEQFF	TCRBV05	TCRBJ02
CSASRSTNEQFF	TCRBV20	TCRBJ02
CASSLGHPMQETQYF	TCRBV05	TCRBJ02
CASSSLSGGQETQYF	TCRBV11	TCRBJ02
CATYLPEKDRKETQYF	TCRBV24	TCRBJ02
CASSLGLATDTQYF	TCRBV19	TCRBJ02
CATKGHLNTEAFF	TCRBV06	TCRBJ01
CASSFLQGASNYGYTF	TCRBV07	TCRBJ01
CASSPGTGYEQYF	TCRBV18	TCRBJ02
CASSVSGTNSYEQYF	TCRBV02	TCRBJ02
CASRGEVFSGNTIYF	TCRBV12	TCRBJ01
CACFPGQGLSGANVLTF	TCRBV30	TCRBJ02
CATSRRGTSGSSEQFF	TCRBV15	TCRBJ02
CASSFGQGRSNEQFF	TCRBV27	TCRBJ02
CASSPSGRGSDTQYF	TCRBV07	TCRBJ02
CAISERRAGNTDTQYF	TCRBV10	TCRBJ02
CASSFAVPNTGELFF	TCRBV27	TCRBJ02
CAISEILNTGELFF	TCRBV10	TCRBJ02
CASSARLLGGYGYTF	TCRBV27	TCRBJ01
CASSILGQGGIYEQYF	TCRBV19	TCRBJ02
CASSPQGQAPLGNTIYF	TCRBV16	TCRBJ01
CASSPTGKNIQYF	TCRBV07	TCRBJ02
CASMREGNEQFF	TCRBV07	TCRBJ02
CASSSRQASGETQYF	TCRBV05	TCRBJ02
CASSPTGGETQYF	TCRBV07	TCRBJ02
CASSTRTGAGETQYF	TCRBV19	TCRBJ02
CASSLGGGPQETQYF	TCRBV07	TCRBJ02
CASSKERGRGQDTQYF	TCRBV21	TCRBJ02
CATSDRTSGASDTQYF	TCRBV24	TCRBJ02
CASSTGGQGPDTQYF	TCRBV06	TCRBJ02
CASSFLPGDITDTQYF	TCRBV09	TCRBJ02
CASSTGNVAEAFF	TCRBV19	TCRBJ01
CASSPPGTGDTEAFF	TCRBV07	TCRBJ01
CASSEAGQGAFQPQHF	TCRBV06	TCRBJ01
CASSLGQGNQPQHF	TCRBV07	TCRBJ01
CASSPPGAGTGQPQHF	TCRBV28	TCRBJ01
CASSLEPRGGGYTF	TCRBV05	TCRBJ01
CASSLLAEHNEQFF	TCRBV05	TCRBJ02
CASSPGGGTEAFF	TCRBV18	TCRBJ01
CASSRTVNTEAFF	TCRBV27	TCRBJ01
CASSGQLNEKLFF	TCRBV07	TCRBJ01
CASSIGTGVHGYTF	TCRBV07	TCRBJ01
CASSFVGGQGGSGANVLTF	TCRBV07	TCRBJ02
CASSLDRGTGEQFF	TCRBV11	TCRBJ02
CASSRVGTAFNEQFF	TCRBV19	TCRBJ02
CASSQLAGSGYNEQFF	TCRBV03	TCRBJ02
CASKEAPSYNEQFF	TCRBV02	TCRBJ02
CASSLDRDRYFLHNGPFDNEQFF	TCRBV05	TCRBJ02
CASSLIRGPGGEQFF	TCRBV11	TCRBJ02
CASSLEGLDTQYF	TCRBV28	TCRBJ02
CASRPGLSFSTDTQYF	TCRBV05	TCRBJ02
CASTPIPGQKNTGELFF	TCRBV19	TCRBJ02
CSAYPGQGSYEQYF	TCRBV20	TCRBJ02
CASSFLGQGIYEQYF	TCRBV27	TCRBJ02
CASSWGSSGTPIRANVLTF	TCRBV07	TCRBJ02
CASSDGTSGERVQFF	TCRBV06	TCRBJ02
CASSLSGSPDNEQFF	TCRBV07	TCRBJ02
CASSTFTDTQYF	TCRBV05	TCRBJ02
CASSYDGRNQPQHF	TCRBV06	TCRBJ01
CASSLGQIAEQYF	TCRBV28	TCRBJ02
CASSTQAGTSYEQYF	TCRBV07	TCRBJ02
CASSRTKKGSGNTIYF	TCRBV13	TCRBJ01
CASSLTGSSYNEQFF	TCRBV11	TCRBJ02
CASSKDDSPTTTQYNEQFF	TCRBV21	TCRBJ02
CASSQGLAEHNEQFF	TCRBV04	TCRBJ02
CASSLALLAYNNEQFF	TCRBV05	TCRBJ02
CASSEPTGLDVTQYF	TCRBV10	TCRBJ02
CASSPTGASTDTQYF	TCRBV14	TCRBJ02
CASSPGTDNTGELFF	TCRBV10	TCRBJ02
CASSLGAAFSEKLFF	TCRBV05	TCRBJ01
CATSMGGGGQPQHF	TCRBV15	TCRBJ01
CASSLGTEYEQYF	TCRBV28	TCRBJ02
CASSAALGGSYEQYF	TCRBV05	TCRBJ02
CASSLTSGTYEQYF	TCRBV07	TCRBJ02
CASSSQLGVEAIYF	TCRBV11	TCRBJ01
CASGLSAGGTDEQFF	TCRBV12	TCRBJ02
CSASWGLEPYNEQFF	TCRBV20	TCRBJ02
CASSEGERIRKQFF	TCRBV18	TCRBJ02
CASSLLRGTETQYF	TCRBV07	TCRBJ02
CASRGRDQPQHF	TCRBV27	TCRBJ01
CASSSRDFTYEQYF	TCRBV07	TCRBJ02
CASNHRGLGDIQYF	TCRBV12	TCRBJ02
CASSLSNEQFF	TCRBV28	TCRBJ02
CSAISGRGYNEQFF	TCRBV20	TCRBJ02
CASSSKETQYF	TCRBV28	TCRBJ02
CASSFGQGSFRAETQYF	TCRBV05	TCRBJ02
CSARPQKETQYF	TCRBV20	TCRBJ02
CASSEQLGLAGDTQYF	TCRBV10	TCRBJ02
CASSVAGLTDTQYF	TCRBV09	TCRBJ02
CASSLRVGELFF	TCRBV07	TCRBJ02
CASSLQPTLVNTEAFF	TCRBV07	TCRBJ01
CASRGTGPHQPQHF	TCRBV27	TCRBJ01
CASSTGTGYFGYTF	TCRBV05	TCRBJ01
CATRGTGVIEQYF	TCRBV28	TCRBJ02
CASSHSEGRKAKNIQYF	TCRBV03	TCRBJ02
CASSLVGTSGRTEQFF	TCRBV11	TCRBJ02
CASSVEARALINEQFF	TCRBV09	TCRBJ02
CASSSDGTSGYNEQFF	TCRBV07	TCRBJ02
CSFNQGQYNEQFF	TCRBV20	TCRBJ02
CASSETSGSTGELFF	TCRBV06	TCRBJ02
CASSDRDRVTEAFF	TCRBV07	TCRBJ01
CASSSDRGPTEAFF	TCRBV07	TCRBJ01
CARSVNRGKNTEAFF	TCRBV05	TCRBJ01
CASTHPGQGFTNEKLFF	TCRBV07	TCRBJ01
CASSEQATNEKLFF	TCRBV19	TCRBJ01
CASSPTTGLMGGEQYF	TCRBV28	TCRBJ02
CASSYTAYEQYF	TCRBV07	TCRBJ02
CASRRTSGRLHEQYF	TCRBV28	TCRBJ02
CASSPLAGAQGGANVLTF	TCRBV05	TCRBJ02
CSVVDRVPKLAKNIQYF	TCRBV20	TCRBJ02
CASSLGDSLGQFF	TCRBV07	TCRBJ02
CASSDGDRHTVGTQETQYF	TCRBV23	TCRBJ02
CASSQRQMTRGDTQYF	TCRBV14	TCRBJ02
CAISEIAGGLIDTQYF	TCRBV10	TCRBJ02
CASSETGTGYEKLFF	TCRBV06	TCRBJ01
CASSGDSFGNQPQHF	TCRBV28	TCRBJ01
CASSPRTGRTNEQFF	TCRBV06	TCRBJ02
CASRLGSYNEQFF	TCRBV28	TCRBJ02
CASSVGASTYNEQFF	TCRBV09	TCRBJ02
CASSASGKTQETQYF	TCRBV10	TCRBJ02
CASSLSRGRSQETQYF	TCRBV07	TCRBJ02
CALGQPQETQYF	TCRBV07	TCRBJ02
CASSYQTGGPTDTQYF	TCRBV05	TCRBJ02
CASTPSGKIGATHTDTQYF	TCRBV28	TCRBJ02
CASSLRAANTEAFF	TCRBV27	TCRBJ01
CASSLQGAPYGYTF	TCRBV28	TCRBJ01
CASSIAGTGVKGTFF	TCRBV19	TCRBJ02
CATSGDSPSSYNEQFF	TCRBV24	TCRBJ02
CASSAARTSGTDQETQYF	TCRBV05	TCRBJ02
CASSLEGRTDTQYF	TCRBV07	TCRBJ02
CASSPTGELFF	TCRBV07	TCRBJ02
CASSVGFWKSSGRTGELFF	TCRBV09	TCRBJ02
CASSSTGNYGYTF	TCRBV28	TCRBJ01
CASSSGLELYEQYF	TCRBV07	TCRBJ02
CASSTSGRAVGEQFF	TCRBV28	TCRBJ02
CSAVVAGRGEQFF	TCRBV20	TCRBJ02
CASILDQRHYNEQFF	TCRBV02	TCRBJ02
CASSYGISYNEQFF	TCRBV06	TCRBJ02
CASSFLAGGKNTGELFF	TCRBV05	TCRBJ02
CASSLAQGVKAFF	TCRBV07	TCRBJ01
CASTGQGATSRAQHF	TCRBV06	TCRBJ01
CASGTVNYGYTF	TCRBV28	TCRBJ01
CASSETGSSGNTIYF	TCRBV19	TCRBJ01
CASSPWTGDEQFF	TCRBV05	TCRBJ02
CASSLWGLAHNEQFF	TCRBV05	TCRBJ02
CASSVTGATDTQYF	TCRBV25	TCRBJ02
CASSEASGSTGELFF	TCRBV02	TCRBJ02
CASSAGLAGTGELFF	TCRBV05	TCRBJ02
CASSEGQGVNYGYTF	TCRBV06	TCRBJ01
CASSPIQWEVISYEQYF	TCRBV19	TCRBJ02
CATNYAGGSNEQFF	TCRBV12	TCRBJ02
CASRPGRTSGTEETQYF	TCRBV12	TCRBJ02
CASSQTSGRVDTQYF	TCRBV02	TCRBJ02
CAISGPRALLTDTQYF	TCRBV10	TCRBJ02
CASSLGEGRGTEAFF	TCRBV07	TCRBJ01
CASSLATNFGRTTNEKLFF	TCRBV07	TCRBJ01
CASSFSSVRGSNQPQHF	TCRBV07	TCRBJ01
CASSLAPGLAGAYEQYF	TCRBV07	TCRBJ02
CASSQPPALQAGRTYEQYF	TCRBV23	TCRBJ02
CANSFGTWGTYEQYF	TCRBV11	TCRBJ02
CATTPSRGVSGNTIYF	TCRBV15	TCRBJ01
CASSSEGNPSSGANVLTF	TCRBV21	TCRBJ02
CASSVGQSSYNEQFF	TCRBV09	TCRBJ02
CASSPAHSDSTDTQYF	TCRBV07	TCRBJ02
CASEGQSTDTQYF	TCRBV19	TCRBJ02
CATSGRTGNSYEQYF	TCRBV06	TCRBJ02
CASSVQGLENIQYF	TCRBV05	TCRBJ02
CASSAPSGRLDEQFF	TCRBV28	TCRBJ02
CASSLIFGAMETQYF	TCRBV07	TCRBJ02
CASNLGVSNTGELFF	TCRBV28	TCRBJ02
CASRDRGIRNQPQHF	TCRBV19	TCRBJ01
CSARNEGVEGGYTF	TCRBV20	TCRBJ01
CASSLTGKYEQFF	TCRBV06	TCRBJ02
CASGAGGFDEQFF	TCRBV04	TCRBJ02
CATSPTSGRAYNEQFF	TCRBV15	TCRBJ02
CASSDLAGGEQFF	TCRBV02	TCRBJ02
CASAGGRLSDTQYF	TCRBV18	TCRBJ02
CASGLGQVSTDTQYF	TCRBV12	TCRBJ02
CASSSPGLLAGVHTQYF	TCRBV19	TCRBJ02
CASSGTGTGSTEAFF	TCRBV02	TCRBJ01
CASSFDRSAEQYF	TCRBV27	TCRBJ02
CASSPGLAGGRYNEQFF	TCRBV07	TCRBJ02
CASSTLLSEQFF	TCRBV12	TCRBJ02
CASGPPAAQETQYF	TCRBV28	TCRBJ02
CASSLDPYSGSTDTQYF	TCRBV05	TCRBJ02
CASSLPGTGGHTQYF	TCRBV07	TCRBJ02
CASSLLASGNTGELFF	TCRBV07	TCRBJ02
CASSFGTTGNQPQHF	TCRBV05	TCRBJ01
CASSLGGANYGYTF	TCRBV07	TCRBJ01
CASSLGPGSGYEQYF	TCRBV11	TCRBJ02
CASSLSGGIAKNIQYF	TCRBV27	TCRBJ02
CASSSTVEQFF	TCRBV11	TCRBJ02
CASSQPGLPNEQFF	TCRBV07	TCRBJ02
CASSWGVETQYF	TCRBV28	TCRBJ02
CASRKSGTRAAETQYF	TCRBV28	TCRBJ02
CASSVGSPTATQYF	TCRBV10	TCRBJ02
CASSTQGGSTDTQYF	TCRBV19	TCRBJ02
CASRGTTNTGELFF	TCRBV28	TCRBJ02
CASSSRGEEDEKLFF	TCRBV09	TCRBJ01
CASSPGDGFNYGYTF	TCRBV07	TCRBJ01
CSASLRGGYEQYF	TCRBV20	TCRBJ02
CASSPVGASSSYEQYF	TCRBV28	TCRBJ02
CASSEQGSPGNTIYF	TCRBV12	TCRBJ01
CATSDPGLAGYNEQFF	TCRBV24	TCRBJ02
CASHQGISYNEQFF	TCRBV28	TCRBJ02
CASSPSLAGADNEQFF	TCRBV18	TCRBJ02
CASKLAGENEQFF	TCRBV27	TCRBJ02
CSASGGREQFF	TCRBV20	TCRBJ02
CASSLRRTSGRDTQYF	TCRBV11	TCRBJ02
CASSQDWTGGEKLFF	TCRBV04	TCRBJ01
CASSLPGPGQKLFF	TCRBV28	TCRBJ01
CASSQETDRVGQPQHF	TCRBV04	TCRBJ01
CASSLPSIVGLVQGYEQYF	TCRBV07	TCRBJ02
CASSLRSGSPYEQYF	TCRBV12	TCRBJ02
CASRSLPQTGLLAFF	TCRBV28	TCRBJ01
CASSLEAQARQPQHF	TCRBV05	TCRBJ01
CSARERTSGNGGEQFF	TCRBV20	TCRBJ02
CASWLGQGANEQFF	TCRBV06	TCRBJ02
CASSLYLGSSGGYNEQFF	TCRBV05	TCRBJ02
CASSLGTSGGTDTQYF	TCRBV05	TCRBJ02
CASRRDRESAQPQHF	TCRBV19	TCRBJ01
CASSPRWEGNTIYF	TCRBV07	TCRBJ01
CASSLGGSGSGANVLTF	TCRBV05	TCRBJ02
CASIPSGGGYNEQFF	TCRBV28	TCRBJ02
CASSYHREGTEAFF	TCRBV06	TCRBJ01
CASSKDLNTEAFF	TCRBV06	TCRBJ01
CASSIASGYEQYF	TCRBV19	TCRBJ02
CASSSPPGLAGKSYNEQFF	TCRBV07	TCRBJ02
CASSYSVGGTQYF	TCRBV06	TCRBJ02
CASSLMWLDTQYF	TCRBV07	TCRBJ02
CASSVGRQGNLMADTQYF	TCRBV09	TCRBJ02
CASHPSRLAGGLSTDTQYF	TCRBV19	TCRBJ02
CAWGSSGGYQPQHF	TCRBV30	TCRBJ01
CAIRGLAGGYEQYF	TCRBV10	TCRBJ02
CASSQRLGTSGTNEQFF	TCRBV14	TCRBJ02
CASSAEGREAYNEQFF	TCRBV27	TCRBJ02
CAISEGPKQFF	TCRBV10	TCRBJ02
CASQRWAGVPDTQYF	TCRBV19	TCRBJ02
CASSTANTEAFF	TCRBV06	TCRBJ01
CASSPGQEAFF	TCRBV12	TCRBJ01
CASRTPGRVNEKLFF	TCRBV28	TCRBJ01
CASSIVPGQGFGDQPQHF	TCRBV19	TCRBJ01
CASSLNLGGYTF	TCRBV12	TCRBJ01
CASTLAGWVGTLQYF	TCRBV05	TCRBJ02
CASSLGLAGDNEQFF	TCRBV11	TCRBJ02
CASSPERGTNEKLFF	TCRBV05	TCRBJ01
CASSTRTGGILREKLFF	TCRBV28	TCRBJ01
CASNVLVQPQHF	TCRBV28	TCRBJ01
CAISAAREGDQPQHF	TCRBV10	TCRBJ01
CASSLGLGFYNEQFF	TCRBV28	TCRBJ02
CSVGGSGLGSYNEQFF	TCRBV29	TCRBJ02
CASSWGLAGVGETQYF	TCRBV28	TCRBJ02
CASSSLLSSGDQETQYF	TCRBV05	TCRBJ02
CASKPAGASTEAFF	TCRBV28	TCRBJ01
CASSYKTRGLNTEAFF	TCRBV06	TCRBJ01
CASSLGPYSNQPQHF	TCRBV05	TCRBJ01
CASSLAGLPSYEQYF	TCRBV19	TCRBJ02
CASRRPGQGISGANVLTF	TCRBV11	TCRBJ02
CASSERDRVLLAKNIQYF	TCRBV06	TCRBJ02
CASSRLLAGAFHEQFF	TCRBV14	TCRBJ02
CASSIDEEVNEQFF	TCRBV19	TCRBJ02
CASSSTSGSSYNEQFF	TCRBV07	TCRBJ02
CASSQGETQYF	TCRBV14	TCRBJ02
CASSSSGSSTDTQYF	TCRBV07	TCRBJ02
CSAPRDTTDTQYF	TCRBV20	TCRBJ02
CASSLSGQGRNQPQHF	TCRBV28	TCRBJ01
CASTMGGARQPQHF	TCRBV28	TCRBJ01
CATDQREAYNEQFF	TCRBV24	TCRBJ02
CASSQFRDEPYNEQFF	TCRBV23	TCRBJ02
CASSKGLAGYNEQFF	TCRBV10	TCRBJ02
CASSPALGREQFF	TCRBV27	TCRBJ02
CASRDRREQFF	TCRBV21	TCRBJ02
CASSLGGETQYF	TCRBV07	TCRBJ02
CASSPRGLGLRDTQYF	TCRBV27	TCRBJ02
CASSLGWGTGMTDTQYF	TCRBV07	TCRBJ02
CASSQGFYSTDTQYF	TCRBV28	TCRBJ02
CASTPASASGNTGELFF	TCRBV28	TCRBJ02
CASSPTQVMNTEAFF	TCRBV18	TCRBJ01
CASSFMRIPPSNTEAFF	TCRBV28	TCRBJ01
CASSPHPTPLAVDEQFF	TCRBV28	TCRBJ02
CASSPPTGGAANEQFF	TCRBV18	TCRBJ02
CASSFGLGRGYYNEQFF	TCRBV28	TCRBJ02
CASRPGTGGTDTQYF	TCRBV27	TCRBJ02
CASSLWRKGTDTQYF	TCRBV27	TCRBJ02
CASSIRGVFSGYTF	TCRBV19	TCRBJ01
CSAREGTAILGNTIYF	TCRBV20	TCRBJ01
CASSRGLAGLSSGANVLTF	TCRBV19	TCRBJ02
CASSDGLAGGHEQFF	TCRBV06	TCRBJ02
CASSLGSVGETQYF	TCRBV05	TCRBJ02
CASSLVGRETQYF	TCRBV07	TCRBJ02
CATSRSRLVTEVDTQYF	TCRBV15	TCRBJ02
CASSLGFRTGLSGANVLTF	TCRBV05	TCRBJ02
CASSIPTVLAKNIQYF	TCRBV19	TCRBJ02
CASSLGVSSYNEQFF	TCRBV27	TCRBJ02
CASSPLLDSQETQYF	TCRBV18	TCRBJ02
CASSAQGEGTQYF	TCRBV06	TCRBJ02
CASSLVAGGTGELFF	TCRBV07	TCRBJ02
CASSLAGGPGIQYF	TCRBV11	TCRBJ02
CASSPPMAGQGASEQFF	TCRBV18	TCRBJ02
CASTSGETQYF	TCRBV07	TCRBJ02
CASSVGLGGQETQYF	TCRBV09	TCRBJ02
CASSSSNPDTQYF	TCRBV05	TCRBJ02
CASSAQTSSTEQFF	TCRBV06	TCRBJ02
CASSKVWGLLYNEQFF	TCRBV21	TCRBJ02
CASSLPSGRHNEQFF	TCRBV28	TCRBJ02
CASTVAGVETQYF	TCRBV28	TCRBJ02
CASSLGWGSGSTDTQYF	TCRBV07	TCRBJ02
CSGGPDTHTQYF	TCRBV20	TCRBJ02
CASSPPDGAGELFF	TCRBV03	TCRBJ02
CASSGVLNTEAFF	TCRBV28	TCRBJ01
CASSETGTGNEKLFF	TCRBV06	TCRBJ01
CASSFGTWGTYEQYF	TCRBV11	TCRBJ02
CASSLGQAYSGANVLTF	TCRBV07	TCRBJ02
CASSYRSSGSGGDRNEQFF	TCRBV06	TCRBJ02
CASSIEGGLAGGETQYF	TCRBV19	TCRBJ02
CSARDSGRVGETQYF	TCRBV20	TCRBJ02
CASSQDFSWGADTQYF	TCRBV14	TCRBJ02
CASSFELTDTQYF	TCRBV07	TCRBJ02
CASSSLSGRSGELFF	TCRBV07	TCRBJ02
CASSLGGWGTNEKLFF	TCRBV27	TCRBJ01
CASRQVTSGNTIYF	TCRBV06	TCRBJ01
CATSRRNTGTGVNEQFF	TCRBV15	TCRBJ02
CATSRARIRSSSYNEQFF	TCRBV15	TCRBJ02
CATLRAGANVLTF	TCRBV07	TCRBJ02
CASSQSRSLAKNIQYF	TCRBV13	TCRBJ02
CASSYSIAGNEQFF	TCRBV06	TCRBJ02
CASSLLGQGFNEQFF	TCRBV28	TCRBJ02
CASSLSGFNEQFF	TCRBV28	TCRBJ02
CASSFEGSGTDTQYF	TCRBV07	TCRBJ02
CASTLMGQGTDTQYF	TCRBV06	TCRBJ02
CASSSGANTGELFF	TCRBV19	TCRBJ02
CASRPDSYTEAFF	TCRBV28	TCRBJ01
CASSFRDFPYEQYF	TCRBV07	TCRBJ02
CAITSGTGGNTIYF	TCRBV10	TCRBJ01
CASSRPGTASYNEQFF	TCRBV14	TCRBJ02
CSARASLRASELTSYNEQFF	TCRBV20	TCRBJ02
CASSLSAYNEQFF	TCRBV27	TCRBJ02
CATSYFGAGLGNEQFF	TCRBV24	TCRBJ02
CASSLTPTETQYF	TCRBV18	TCRBJ02
CASSLPGSGRADTQYF	TCRBV07	TCRBJ02
CASSTAGTGPDTQYF	TCRBV28	TCRBJ02
CASSLGDRGLDTGELFF	TCRBV28	TCRBJ02
CASSFVLTGTSEAFF	TCRBV28	TCRBJ01
CASSLGGGWETEAFF	TCRBV28	TCRBJ01
CASAGGANEKLFF	TCRBV06	TCRBJ01
CASSFTGALQNIQYF	TCRBV07	TCRBJ02
CASSAGTSGIAKNIQYF	TCRBV19	TCRBJ02
CASSQDLSRRGETSGTKNIQYF	TCRBV04	TCRBJ02
CSARLAGGMETQYF	TCRBV20	TCRBJ02
CASSLSKADTQYF	TCRBV07	TCRBJ02
CASSDDGTSGSHTQYF	TCRBV06	TCRBJ02
CASSAGGGGAYEQYF	TCRBV09	TCRBJ02
CASSQTAGGGANVLTF	TCRBV11	TCRBJ02
CASSQTAGGGANVLTF	TCRBV07	TCRBJ02
CASRGRNSPLHF	TCRBV06	TCRBJ01
CASSPGLASTHEQFF	TCRBV07	TCRBJ02
CASSLAGGASRETQYF	TCRBV05	TCRBJ02
CASSPLAVGVDTQYF	TCRBV06	TCRBJ02
CASSISGQALQRSDTQYF	TCRBV19	TCRBJ02
CASSFGTVEHPEAFF	TCRBV28	TCRBJ01
CASSLRLAGSLEKLFF	TCRBV07	TCRBJ01
CASSIRTGVHGYTF	TCRBV07	TCRBJ01
CASSLGVSYNEQFF	TCRBV07	TCRBJ02
CAISDTGSRTDTQYF	TCRBV06	TCRBJ02
CASSLSGRAALGDTGELFF	TCRBV27	TCRBJ02
CASSLGQMNTEAFF	TCRBV05	TCRBJ01
CASSQTAGGGANVLTF	TCRBV05	TCRBJ02
CASSYGGFIDNEQFF	TCRBV06	TCRBJ02
CASSSQTREGTQYF	TCRBV07	TCRBJ02
CASSLPTGSDTQYF	TCRBV05	TCRBJ02
CASSQGWTDTDTQYF	TCRBV04	TCRBJ02
CASSPGTATNEKLFF	TCRBV07	TCRBJ01
CARSLEPRGGGYTF	TCRBV05	TCRBJ01
CAISGGQGVTEQFF	TCRBV10	TCRBJ02
CATSDFGAGLGNEQFF	TCRBV24	TCRBJ02
CASSPSSGRSYNEQFF	TCRBV28	TCRBJ02
CASPPSRTAYNEQFF	TCRBV19	TCRBJ02
CASSLRGGDRGETQYF	TCRBV05	TCRBJ02
CASRTSGSTDTQYF	TCRBV10	TCRBJ02
CASSGTGYEKLFF	TCRBV12	TCRBJ01
CASSFPSTTNEKLFF	TCRBV11	TCRBJ01
CAWGSSGGHQPQHF	TCRBV30	TCRBJ01
CATQTGGVEQYF	TCRBV06	TCRBJ02
CASSLDPLTGALAKNIQYF	TCRBV05	TCRBJ02
CASSLSQSYEQYF	TCRBV05	TCRBJ02
CASSQDDWSVSSYNEQFF	TCRBV12	TCRBJ02
CASSPPPEGTQYF	TCRBV05	TCRBJ02
CTSSPTSGRETQYF	TCRBV01	TCRBJ02
CASRNRSIGQRGYTF	TCRBV19	TCRBJ01
CASSTSGGFYEQYF	TCRBV11	TCRBJ02
CASSLAPPGQGIYEQYF	TCRBV11	TCRBJ02
CTSSLQTTGANVLTF	TCRBV01	TCRBJ02
CASSQTAGGGANVLTF	TCRBV13	TCRBJ02
CASSFLDNLNEQFF	TCRBV07	TCRBJ02
CASSRTRIYNEQFF	TCRBV03	TCRBJ02
CASSQDDWSVSSYNEQFF	TCRBV06	TCRBJ02
CASSVANGRALPYNEQFF	TCRBV03	TCRBJ02
CSVEDPQVGSTQYF	TCRBV29	TCRBJ02
CASRRTSGSTDTQYF	TCRBV06	TCRBJ02
CASSTFTDTQYF	TCRBV04	TCRBJ02
CASSYAPRLAVTDTQYF	TCRBV12	TCRBJ02
CASSFTGGASTDTQYF	TCRBV07	TCRBJ02
CASSFDGSTGELFF	TCRBV11	TCRBJ02
CATSDRANYGYTF	TCRBV24	TCRBJ01
CASSARDSHSGANVLTF	TCRBV09	TCRBJ02
CASSRAWNEQYF	TCRBV25	TCRBJ02
CSARSGSEGEQYF	TCRBV20	TCRBJ02
CASSQGQGWEQYF	TCRBV11	TCRBJ02
CASSFGHEQYF	TCRBV12	TCRBJ02
CASSLAQANTEAFF	TCRBV12	TCRBJ01
CATSDAGSETYEQYF	TCRBV24	TCRBJ02
CATSRDSNTGTGVYEQYF	TCRBV15	TCRBJ02
CSVALGPGVQETQYF	TCRBV29	TCRBJ02
CASSWGQGHYGYTF	TCRBV02	TCRBJ01
CAWSWTSPPVGTQYF	TCRBV30	TCRBJ02
CSALAGSYEQYF	TCRBV20	TCRBJ02
CSASRGTGGGGNQPQHF	TCRBV20	TCRBJ01
CATSTSGQGGNQPQHF	TCRBV24	TCRBJ01
CATSDLGEGQGNEQFF	TCRBV24	TCRBJ02
CAWRGQGAPHNQPQHF	TCRBV30	TCRBJ01
CASSPGSGAGYEQYF	TCRBV05	TCRBJ02
CSAAGLAGDPATQYF	TCRBV29	TCRBJ02
CASSQVLAGTSYEQYF	TCRBV03	TCRBJ02
CASSPARGEGNEQFF	TCRBV04	TCRBJ02
CASSFSRDPSYEQYF	TCRBV05	TCRBJ02
CATSPGQGGGTQYF	TCRBV24	TCRBJ02
CASSPLGTSSYEQYF	TCRBV05	TCRBJ02
CSAPSATGGNQPQHF	TCRBV20	TCRBJ01
CSVEDWSTGELFF	TCRBV29	TCRBJ02
CASSYSRGHEQYF	TCRBV06	TCRBJ02
CASSSGQGVPSPLEQYF	TCRBV09	TCRBJ02
CSIGGTATYEQYF	TCRBV29	TCRBJ02
CASSLAIAGDNEQFF	TCRBV07	TCRBJ02
CSVGRTTGGLEQYF	TCRBV29	TCRBJ02
CSATEGGGEAFF	TCRBV29	TCRBJ01
CATSDPWAGGAGELFF	TCRBV24	TCRBJ02
CAILGGAAGTEAFF	TCRBV06	TCRBJ01
CASSSGTATYNQPQHF	TCRBV12	TCRBJ01
CAWNGQSNEKLFF	TCRBV30	TCRBJ01
CAMRPSSYEQYF	TCRBV02	TCRBJ02
CASSQGQETQYF	TCRBV03	TCRBJ02
CASSLEDWSNEQFF	TCRBV05	TCRBJ02
CASSGRGNQPQHF	TCRBV05	TCRBJ01
CASTARDRRYEQYF	TCRBV02	TCRBJ02
CASSPDRSEQYF	TCRBV05	TCRBJ02
CASSLGQLSYEQYF	TCRBV02	TCRBJ02
CSANKGSVSYEQYF	TCRBV20	TCRBJ02
CSASGLAGGHEQFF	TCRBV20	TCRBJ02
CASKGTNYGYTF	TCRBV06	TCRBJ01
CASRLGQASSYEQYF	TCRBV06	TCRBJ02
CASSEALSSRIQPQHF	TCRBV06	TCRBJ01
CAWGRGLLEQYF	TCRBV30	TCRBJ02
CASSLSSYEQYF	TCRBV05	TCRBJ02
CASSATTGSYEQYF	TCRBV06	TCRBJ02
CSAREWGQGRRETQYF	TCRBV20	TCRBJ02
CSVAFGGRGEQYF	TCRBV29	TCRBJ02
CSAISRGRNTEAFF	TCRBV20	TCRBJ01
CASSTDTSTLNQPQHF	TCRBV12	TCRBJ01
CAISETGGDGTEAFF	TCRBV10	TCRBJ01
CASSPRGSGYGYTF	TCRBV05	TCRBJ01
CSARYRALGYTF	TCRBV20	TCRBJ01
CSPTLVASGSSYEQYF	TCRBV29	TCRBJ02
CASGSGSGGYEQYF	TCRBV05	TCRBJ02
CASSSGGSHWEKLFF	TCRBV06	TCRBJ01
CSVGGRNQPQHF	TCRBV29	TCRBJ01
CASSSNYEQYF	TCRBV05	TCRBJ02
CASSRTSYEQYF	TCRBV05	TCRBJ02
CSAKPSRSTYEQYF	TCRBV20	TCRBJ02
CASSYQGLPRNEQFF	TCRBV06	TCRBJ02
CASALLAGGTDTQYF	TCRBV06	TCRBJ02
CASSSGQANSNQPQHF	TCRBV06	TCRBJ01
CSASRDQPQHF	TCRBV20	TCRBJ01
CATSAKGATYEQYF	TCRBV24	TCRBJ02
CASSLQGGYGYTF	TCRBV05	TCRBJ01
CASSEYNLNVLTF	TCRBV25	TCRBJ02
CASSVLQGSEQYF	TCRBV11	TCRBJ02
CASSRQVMVYEQYF	TCRBV06	TCRBJ02
CSASESRGRRYNEQFF	TCRBV20	TCRBJ02
CAWSTSGRAYEQYF	TCRBV30	TCRBJ02
CAIRGLAGVADTQYF	TCRBV10	TCRBJ02
CASSRDRGYGYTF	TCRBV06	TCRBJ01
CASSGQGHTEAFF	TCRBV25	TCRBJ01
CASSYPQGTQDYGYTF	TCRBV06	TCRBJ01
CASSSDQIGVPDTQYF	TCRBV06	TCRBJ02
CASSLADHTGELFF	TCRBV05	TCRBJ02
CASNALGNTEAFF	TCRBV06	TCRBJ01
CASSADRGRDGYTF	TCRBV06	TCRBJ01
CASSTRGTVGYF	TCRBV03	TCRBJ02
CSASEGGPLNEQFF	TCRBV20	TCRBJ02
CSVELVAGFSYNEQFF	TCRBV29	TCRBJ02
CASRRQGPNNQPQHF	TCRBV12	TCRBJ01
CASSYSGTSTDTQYF	TCRBV06	TCRBJ02
CASSQALLRGDNEQFF	TCRBV03	TCRBJ02
CASSYSIVGLGYTF	TCRBV06	TCRBJ01
CSASSSYEQYF	TCRBV20	TCRBJ02
CSARPFGGTYEQYF	TCRBV20	TCRBJ02
CSVDQANPSYNEQFF	TCRBV29	TCRBJ02
CASSDEGGNQETQYF	TCRBV02	TCRBJ02
CASSTRLAGASYEQYF	TCRBV12	TCRBJ02
CAISGRQGNEQYF	TCRBV10	TCRBJ02
CASTILGGVTYNEQFF	TCRBV12	TCRBJ02
CSVAPRGKPEAFF	TCRBV29	TCRBJ01
CASSLDRDTEAFF	TCRBV05	TCRBJ01
CASNEGGKSYGYTF	TCRBV06	TCRBJ01
CSAVVGGLNEQYF	TCRBV20	TCRBJ02
CAWSDIQGVAGYTF	TCRBV30	TCRBJ01
CASTRGITDTQYF	TCRBV12	TCRBJ02
CASSYYRGTEAFF	TCRBV06	TCRBJ01
CSERSTVVSGEQFF	TCRBV20	TCRBJ02
CASNRILNTEAFF	TCRBV30	TCRBJ01
CASSQDEEYGYTF	TCRBV04	TCRBJ01
CASSLDGAGNQPQHF	TCRBV05	TCRBJ01
CATSDALYGYTF	TCRBV24	TCRBJ01
CSARDLQGLSNTEAFF	TCRBV20	TCRBJ01
CASSLNRGTNEKLFF	TCRBV11	TCRBJ01
CASSPFSYEQYF	TCRBV12	TCRBJ02
CSATTSRALSSYEQYF	TCRBV20	TCRBJ02
CASMGGAYEQYF	TCRBV02	TCRBJ02
CASSLSGETQYF	TCRBV09	TCRBJ02
CATSGDRNGYGYTF	TCRBV24	TCRBJ01
CASSLTGGNTEAFF	TCRBV06	TCRBJ01
CASRELAGEYYEQYF	TCRBV04	TCRBJ02
CASSSKGTGRLYEQYF	TCRBV05	TCRBJ02
CASSLAGGNTGELFF	TCRBV05	TCRBJ02
CSAPRDSRGVEQYF	TCRBV20	TCRBJ02
CAISVGQGSYEQYF	TCRBV10	TCRBJ02
CASRYTSSTDTQYF	TCRBV12	TCRBJ02
CASSRSSGMNTQYF	TCRBV03	TCRBJ02
CASSQAGPTPRAFF	TCRBV04	TCRBJ01
CASTGSVEQYF	TCRBV02	TCRBJ02
CASSFGGRATGELFF	TCRBV05	TCRBJ02
CASSSGLAGPYEQYF	TCRBV21	TCRBJ02
CASSTTGSGNTIYF	TCRBV05	TCRBJ01
CSARDGAGRNYGYTF	TCRBV20	TCRBJ01
CAWSVGSIPGKGYTF	TCRBV30	TCRBJ01
CASKASGTLYEQYF	TCRBV06	TCRBJ02
CASSQPEHNEQFF	TCRBV12	TCRBJ02
CACSTGDYTGELFF	TCRBV30	TCRBJ02
CASRDTSGSSEQYF	TCRBV06	TCRBJ02
CASSPPRRLNTGELFF	TCRBV12	TCRBJ02
CASSLGQGMNTEAFF	TCRBV05	TCRBJ01
CSATGTSGRGSSYEQYF	TCRBV20	TCRBJ02
CASSFLGGGTQYF	TCRBV21	TCRBJ02
CASREGTFYGYTF	TCRBV02	TCRBJ01
CASSLYRVSSYTF	TCRBV05	TCRBJ01
CSEQTNYGYTF	TCRBV20	TCRBJ01
CATSGTGDREQYF	TCRBV24	TCRBJ02
CSARGAGVYEQYF	TCRBV20	TCRBJ02
CASSPEDRETYEQYF	TCRBV28	TCRBJ02
CAWTGQGIFNYGYTF	TCRBV30	TCRBJ01
CASSGQGANYGYTF	TCRBV27	TCRBJ01
CSVSSGAGKVF	TCRBV29	TCRBJ01
CASNPGLGQPQHF	TCRBV02	TCRBJ01
CASSEGTSRRSYEQYF	TCRBV02	TCRBJ02
CSAPSRDYEQYF	TCRBV20	TCRBJ02
CASSDPGGQETQYF	TCRBV05	TCRBJ02
CASSDFTGETQYF	TCRBV06	TCRBJ02
CASSYRDRATEAFF	TCRBV05	TCRBJ01
CASSSQVNEKLFF	TCRBV07	TCRBJ01
CASRTGTGVTYEQYF	TCRBV06	TCRBJ02
CASSYSLPSGKGDTQYF	TCRBV06	TCRBJ02
CATSNGQVDGPQHF	TCRBV24	TCRBJ01
CATNSGNLGYGYTF	TCRBV24	TCRBJ01
CASSQGTKLLGEQYF	TCRBV03	TCRBJ02
CSAEVRETQYF	TCRBV20	TCRBJ02
CSASQGQGPEAFF	TCRBV20	TCRBJ01
CSASRGLAGLYSYEQYF	TCRBV20	TCRBJ02
CSVQRVPGELFF	TCRBV29	TCRBJ02
CASSFVRQLNQPQHF	TCRBV28	TCRBJ01
CASSAGTSGFGDEQFF	TCRBV05	TCRBJ02
CASSLAGGPYNEQFF	TCRBV27	TCRBJ02
CAITASQGNYGYTF	TCRBV10	TCRBJ01
CASSVGLGLAGAYEQYF	TCRBV09	TCRBJ02
CASSLGGPYEQYF	TCRBV07	TCRBJ02
CSARPQETQYF	TCRBV20	TCRBJ02
CAWSVPNSAGEQYF	TCRBV30	TCRBJ02
CASSFSGTGGYYEQYF	TCRBV05	TCRBJ02
CSASYKTGGVHEQYF	TCRBV20	TCRBJ02
CSARTGEIGNTIYF	TCRBV20	TCRBJ01
CASSSWTSGMGADTQYF	TCRBV11	TCRBJ02
CASSPFPGQWNTF	TCRBV06	TCRBJ01
CASSLSWISSYEQYF	TCRBV07	TCRBJ02
CASSPSGVQNIQYF	TCRBV06	TCRBJ02
CASSFSEGEQYF	TCRBV07	TCRBJ02
CSARDLQTSVLYNEQFF	TCRBV20	TCRBJ02
CAISGGQDTEAFF	TCRBV10	TCRBJ01
CAWSVASYEQYF	TCRBV30	TCRBJ02
CASSQQVSYGYTF	TCRBV03	TCRBJ01
CASGSRGGQAYEQYF	TCRBV05	TCRBJ02
CASLSRRLGGNTIYF	TCRBV06	TCRBJ01
CASGFSSGNTIYF	TCRBV06	TCRBJ01
CSARGLAASYNEQFF	TCRBV20	TCRBJ02
CASSRGFQETQYF	TCRBV03	TCRBJ02
CASRGQSNYGYTF	TCRBV04	TCRBJ01
CSARRDLNEKLFF	TCRBV20	TCRBJ01
CASSEGIYYEQYF	TCRBV06	TCRBJ02
CSASAILVWNEQFF	TCRBV20	TCRBJ02
CASSQTASSYNEQFF	TCRBV04	TCRBJ02
CATSDLRTGGTDTQYF	TCRBV24	TCRBJ02
CSVEVQGISEQYF	TCRBV29	TCRBJ02
CASSLEDRVGTDTQYF	TCRBV05	TCRBJ02
CASSRDTGELFF	TCRBV06	TCRBJ02
CASRQGTTGHEQYF	TCRBV02	TCRBJ02
CASSQGTGFSEQYF	TCRBV11	TCRBJ02
CASSVGSTSAVEQYF	TCRBV09	TCRBJ02
CSAGHSQLAAYEQYF	TCRBV20	TCRBJ02
CASSWGNEQFF	TCRBV05	TCRBJ02
CATSGLGGANQPQHF	TCRBV24	TCRBJ01
CASSLDRARDGYTF	TCRBV05	TCRBJ01
CSARDIGVRDEQYF	TCRBV20	TCRBJ02
CASTLSPTNEKLFF	TCRBV06	TCRBJ01
CAFPKADYEQYF	TCRBV30	TCRBJ02
CASSEPGGETQYF	TCRBV02	TCRBJ02
CASSYSENQPQHF	TCRBV06	TCRBJ01
CSARYLQGGYTF	TCRBV20	TCRBJ01
CASKGGQGLSYNEQFF	TCRBV06	TCRBJ02
CSASGLAENTGELFF	TCRBV20	TCRBJ02
CASSSTGTGNTEAFF	TCRBV05	TCRBJ01
CASSRVGEITEAFF	TCRBV05	TCRBJ01
CAWSWGNGGDQPQHF	TCRBV30	TCRBJ01
CASSLERGYGYTF	TCRBV07	TCRBJ01
CSAHEAGPNNEQFF	TCRBV20	TCRBJ02
CASRDSLVSGANVLTF	TCRBV06	TCRBJ02
CSAGHRSSYNEQFF	TCRBV20	TCRBJ02
CSSLGVAGGPTDTQYF	TCRBV29	TCRBJ02
CSATGRGQGEAGELFF	TCRBV20	TCRBJ02
CASRYTRDLGTEAFF	TCRBV06	TCRBJ01
CSASFGRAGDQPQHF	TCRBV20	TCRBJ01
CASSTLPGGFEGGYTF	TCRBV07	TCRBJ01
CASSPGGYEQYF	TCRBV18	TCRBJ02
CSAKSSGGSYEQYF	TCRBV20	TCRBJ02
CSALGLAGADTGELFF	TCRBV20	TCRBJ02
CASSLGRLYGYTF	TCRBV07	TCRBJ01
CASSPEGVSYNEQFF	TCRBV03	TCRBJ02
CSVPGQPGTSQLDNEQLF	TCRBV29	TCRBJ02
CASSPQGASNQPQHF	TCRBV06	TCRBJ01
CASSQQTGTSGSKYEQYF	TCRBV03	TCRBJ02
CSVRQVNEQYF	TCRBV29	TCRBJ02
CSVPVKIVNEQFF	TCRBV20	TCRBJ02
CSATRQSSTDTQYF	TCRBV20	TCRBJ02
CSGIRGSGQPQHF	TCRBV20	TCRBJ01
CASSFVSYEQYF	TCRBV12	TCRBJ02
CSARDNRGLLTDTQYF	TCRBV20	TCRBJ02
CSVEWRGGSSYEQYF	TCRBV29	TCRBJ02
CSVGAWEQFF	TCRBV20	TCRBJ02
CSARLGLAGEETQYF	TCRBV20	TCRBJ02
CASSQQTFPQHF	TCRBV07	TCRBJ01
CASSPGEFISYEQYF	TCRBV11	TCRBJ02
CASSQRESDTQYF	TCRBV06	TCRBJ02
CATSGAGGYNEQFF	TCRBV24	TCRBJ02
CASSTDRSNQPQHF	TCRBV05	TCRBJ01
CASSQEGSWAGSSYEQYF	TCRBV04	TCRBJ02
CASSFRASGTHNEQFF	TCRBV13	TCRBJ02
CASLRLGRDTQYF	TCRBV02	TCRBJ02
CASSLWGNTEAFF	TCRBV28	TCRBJ01
CATSPGAPGEQYF	TCRBV24	TCRBJ02
CATGGTSGVSTDTQYF	TCRBV24	TCRBJ02
CASRVQGGDEQYF	TCRBV10	TCRBJ02
CASSRTSATGELFF	TCRBV28	TCRBJ02
CASSRSSPVNTEAFF	TCRBV04	TCRBJ01
CASSLQYNTEAFF	TCRBV05	TCRBJ01
CASMRAVQQETQYF	TCRBV10	TCRBJ02
CASSRDTRSNQPQHF	TCRBV30	TCRBJ01
CASRGDGGFGGYTF	TCRBV02	TCRBJ01
CAWSVDRIRYF	TCRBV30	TCRBJ02
CASSYLAATDTQYF	TCRBV06	TCRBJ02
CASSQTGSPYQPQHF	TCRBV03	TCRBJ01
CSATGTSPYNEQFF	TCRBV20	TCRBJ02
CARGGLSTDTQYF	TCRBV02	TCRBJ02
CATSDSGQAEKLFF	TCRBV24	TCRBJ01
CAIKDSDQPQHF	TCRBV10	TCRBJ01
CSARGTSEQNEQFF	TCRBV20	TCRBJ02
CSAPTWDKGPYEQYF	TCRBV20	TCRBJ02
CASTRPGANVLTF	TCRBV07	TCRBJ02
CSAREGTSGGVYNEQFF	TCRBV20	TCRBJ02
CATSDLLVGEDTGELFF	TCRBV24	TCRBJ02
CASSQGLSSSGTNTGELFF	TCRBV04	TCRBJ02
CASSIRDRDTEAFF	TCRBV19	TCRBJ01
CASSFSGLSYEQYF	TCRBV05	TCRBJ02
CSAREAPSGANVLTF	TCRBV20	TCRBJ02
CASSTSGIPEQFF	TCRBV05	TCRBJ02
CASSLGTREVGETQYF	TCRBV07	TCRBJ02
CASSVSLQLQETQYF	TCRBV09	TCRBJ02
CANSPGELFF	TCRBV05	TCRBJ02
CSVAGTGGSYEQYF	TCRBV29	TCRBJ02
CASSPGGYYEQYF	TCRBV11	TCRBJ02
CASWGSGSTDTQYF	TCRBV27	TCRBJ02
CASSLGVTGVNEQYF	TCRBV07	TCRBJ02
CASSPTGLAGGELFF	TCRBV12	TCRBJ02
CASSFGTSGTYEQYF	TCRBV12	TCRBJ02
CASNSLAEPAQYF	TCRBV06	TCRBJ02
CASSPLAGRGGYTF	TCRBV04	TCRBJ01
CASSPQAGVSEQYF	TCRBV11	TCRBJ02
CASSFTTDSNEKLFF	TCRBV07	TCRBJ01
CASRAGTGLRGTF	TCRBV02	TCRBJ01
CASRPPADTQYF	TCRBV02	TCRBJ02
CARDRVGTEAFF	TCRBV30	TCRBJ01
CASSGVGNQPQHF	TCRBV06	TCRBJ01
CASSPRRNQPQHF	TCRBV27	TCRBJ01
CASSFQGGEGWGGYTF	TCRBV06	TCRBJ01
CSVFRGGGPYQETQYF	TCRBV29	TCRBJ02
CASSSQGPGTDTQYF	TCRBV07	TCRBJ02
CASSLDLGWGPDTGELFF	TCRBV11	TCRBJ02
CSVTEGGSEQPQHF	TCRBV20	TCRBJ01
CASRESGYGYTF	TCRBV19	TCRBJ01
CASGGQGSYEQYF	TCRBV06	TCRBJ02
CAWSPYYEQYF	TCRBV30	TCRBJ02
CATSVPGADTQYF	TCRBV24	TCRBJ02
CSASAIEYEQYF	TCRBV20	TCRBJ02
CASSSWTSGRDPKQYF	TCRBV12	TCRBJ02
CASSPWGGRGTGELFF	TCRBV11	TCRBJ02
CASSGGGGSGNTIYF	TCRBV02	TCRBJ01
CSAREPRASGSQETQYF	TCRBV20	TCRBJ02
CASRLAGVAGELFF	TCRBV25	TCRBJ02
CSASDRRNTGELFF	TCRBV20	TCRBJ02
CASSEPGRSYEQYF	TCRBV06	TCRBJ02
CAWSPVDQKQYF	TCRBV30	TCRBJ02
CASSISPGQGYEQYF	TCRBV09	TCRBJ02
CASSLRRDGTEQFF	TCRBV07	TCRBJ02
CASSRQGAWDEQFF	TCRBV03	TCRBJ02
CASSPPTSGMNEQFF	TCRBV04	TCRBJ02
CASSWSTDTQYF	TCRBV11	TCRBJ02
CASSLTGEGNTEAFF	TCRBV06	TCRBJ01
CATSRVGWGYTF	TCRBV15	TCRBJ01
CSARDGSIAGGRQYF	TCRBV20	TCRBJ02
CASSQTGNTEAFF	TCRBV19	TCRBJ01
CASSVWGPQRVSGRAFNEQYF	TCRBV05	TCRBJ02
CSAPRASGSTDTQYF	TCRBV20	TCRBJ02
CASSERVGHPTEAFF	TCRBV06	TCRBJ01
CASSLAGVGYEQYF	TCRBV07	TCRBJ02
CSARWGLQPQHF	TCRBV20	TCRBJ01
CSARDEGPSGGYTF	TCRBV20	TCRBJ01
CASIGPPAFF	TCRBV06	TCRBJ02
CATSVADTQYF	TCRBV24	TCRBJ02
CASSPGLAQYNEQFF	TCRBV04	TCRBJ02
CSARDQGIRYNEQFF	TCRBV20	TCRBJ02
CASSVAGVAYNEQFF	TCRBV07	TCRBJ02
CASSGLAVPGQFF	TCRBV19	TCRBJ02
CAISASGGSTDTQYF	TCRBV10	TCRBJ02
CASGLVRGQGKNYGYTF	TCRBV12	TCRBJ01
CASSRDNSYEQYF	TCRBV07	TCRBJ02
CASRKSLDGPYEQYF	TCRBV05	TCRBJ02
CASSLGHSGTSVNEQFF	TCRBV13	TCRBJ02
CAWSVQEGPGGQYF	TCRBV30	TCRBJ02
CASSEGLAGLTSTDTQYF	TCRBV10	TCRBJ02
CAISKTRNEKLFF	TCRBV10	TCRBJ01
CASSELGTQYF	TCRBV02	TCRBJ02
CASSYSGGFGQPQHF	TCRBV06	TCRBJ01
CASSQGTEGYGYTF	TCRBV03	TCRBJ01
CASSVASGTSYEQYF	TCRBV09	TCRBJ02
CASRTWDEQFF	TCRBV05	TCRBJ02
CASSEPGENEQFF	TCRBV06	TCRBJ02
CASSFSGTNYNEQFF	TCRBV07	TCRBJ02
CASSDRFEETQYF	TCRBV27	TCRBJ02
CASSFLPGPEAFF	TCRBV19	TCRBJ01
CSARDGGADEQYF	TCRBV20	TCRBJ02
CATSDIAGGLINEQFF	TCRBV24	TCRBJ02
CASSDSGPSGGGELFF	TCRBV25	TCRBJ02
CASSLIGTGGSTEAFF	TCRBV05	TCRBJ01
CSARSNRGRSLLYEQYF	TCRBV20	TCRBJ02
CASSPTGRGNTIYF	TCRBV12	TCRBJ01
CASSLGLAGGNEQFF	TCRBV03	TCRBJ02
CATSRASNTGTGAEEQFF	TCRBV15	TCRBJ02
CASSLEGRTNQPQHF	TCRBV05	TCRBJ01
CASSVDNREEPNYGYTF	TCRBV09	TCRBJ01
CASSSIWGSTDGYTF	TCRBV06	TCRBJ01
CSPSSGQAPYEQYF	TCRBV20	TCRBJ02
CASSSGTGRGTGANVLTF	TCRBV11	TCRBJ02
CASGYRENTQYF	TCRBV25	TCRBJ02
CASSYSPQTGGFEQYF	TCRBV06	TCRBJ02
CASSPSGPVNTIYF	TCRBV12	TCRBJ01
CASSLLAGGTDTQYF	TCRBV02	TCRBJ02
CASSLRATMNTEAFF	TCRBV11	TCRBJ01
CASSSSDSYNEQFF	TCRBV05	TCRBJ02
CASRQGQGYEKLFF	TCRBV05	TCRBJ01
CASSLEFDMGGPQPQHF	TCRBV11	TCRBJ01
CSAPRLASSSYEQYF	TCRBV20	TCRBJ02
CASSPLGGTPGGNIQYF	TCRBV07	TCRBJ02
CASSSDRGGMNEQFF	TCRBV05	TCRBJ02
CASSPTSYNEQFF	TCRBV06	TCRBJ02
CASRRGPVQETQYF	TCRBV27	TCRBJ02
CAIEAGGSTGELFF	TCRBV06	TCRBJ02
CSALRGGQPNTEAFF	TCRBV20	TCRBJ01
CAISERGASGSGLAYPPDEQYF	TCRBV10	TCRBJ02
CACRTGVNNEQFF	TCRBV05	TCRBJ02
CASSLALMGEPQHF	TCRBV07	TCRBJ01
CASSHPQGLGVYGYTF	TCRBV28	TCRBJ01
CSHGGRRVQLANYGYTF	TCRBV19	TCRBJ01
CASSYLNGGKNIQYF	TCRBV06	TCRBJ02
CSAPRGLAGYGEQFF	TCRBV20	TCRBJ02
CSAEIVAGGPQFF	TCRBV20	TCRBJ02
CASSYGGGRETQYF	TCRBV06	TCRBJ02
CASSPGAGQADTQYF	TCRBV05	TCRBJ02
CSARDNRRAGGNQPQHF	TCRBV20	TCRBJ01
CASRGPGPNQPQHF	TCRBV06	TCRBJ01
CASSFHWDSRSYGYTF	TCRBV06	TCRBJ01
CAISEETYEQYF	TCRBV10	TCRBJ02
CAWSVLGDALAKNIQYF	TCRBV30	TCRBJ02
CASSVGPGFNEQFF	TCRBV02	TCRBJ02
CASSDNKRGSSYNEQFF	TCRBV10	TCRBJ02
CASSLLTRGAGDTQYF	TCRBV05	TCRBJ02
CASSTSDRPSTDTQYF	TCRBV06	TCRBJ02
CASSYSLARGTGELFF	TCRBV06	TCRBJ02
CASSYTSVFTGELFF	TCRBV03	TCRBJ02
CASSPSGATEAFF	TCRBV07	TCRBJ01
CASSLGGQSSNTIYF	TCRBV05	TCRBJ01
CASSWAGETQYF	TCRBV12	TCRBJ02
CASSFRTVSTDTQYF	TCRBV05	TCRBJ02
CASSQGLAGGDTGELFF	TCRBV05	TCRBJ02
CSAGGDRNTEAFF	TCRBV20	TCRBJ01
CSANPGPGSYEQYF	TCRBV20	TCRBJ02
CSALPGSLVDEQYF	TCRBV20	TCRBJ02
CSAPRPPGFETQYF	TCRBV20	TCRBJ02
CATSLLPNTGELFF	TCRBV15	TCRBJ02
CASSLVGGTYEQYF	TCRBV07	TCRBJ02
CASSLGGLAGNTIYF	TCRBV05	TCRBJ01
CSASRLADYNEQFF	TCRBV20	TCRBJ02
CASSLGPSKGYTF	TCRBV07	TCRBJ01
CASINPGIGAYNEQFF	TCRBV06	TCRBJ02
CASSLTSGRVSTDTQYF	TCRBV03	TCRBJ02
CASSLVGGVVSTDTQYF	TCRBV07	TCRBJ02
CASSLWDSNTEAFF	TCRBV28	TCRBJ01
CASSYLGQGRAFF	TCRBV06	TCRBJ01
CSARAWGAHGTEAFF	TCRBV20	TCRBJ01
CASTRDSYNTEAFF	TCRBV05	TCRBJ01
CSASPLLEAFF	TCRBV20	TCRBJ01
CSARAPLAGERGEAFF	TCRBV20	TCRBJ01
CASSQLGTSGNEQYF	TCRBV04	TCRBJ02
CASSRLAAEQYF	TCRBV10	TCRBJ02
CSVPEWADEQFF	TCRBV20	TCRBJ02
CASSKVSGAFQETQYF	TCRBV19	TCRBJ02
CASSWDQETQYF	TCRBV02	TCRBJ02
CASSLGSDYGYTF	TCRBV05	TCRBJ01
CASSLTSGLAGVEQYF	TCRBV07	TCRBJ02
CSANPQGFGYEQYF	TCRBV20	TCRBJ02
CASSSGYTDTQYF	TCRBV07	TCRBJ02
CASSYSVTGVPKRGEAFF	TCRBV06	TCRBJ01
CSASSGLAVSEQFF	TCRBV20	TCRBJ02
CASSWQGAPTDTQYF	TCRBV03	TCRBJ02
CASSAAEGRVAFF	TCRBV02	TCRBJ01
CASTYTRLGATNEKLFF	TCRBV06	TCRBJ01
CASSPGTDNQPQHF	TCRBV07	TCRBJ01
CASSLSYDRYNQPQHF	TCRBV27	TCRBJ01
CAIGGRGREETQYF	TCRBV10	TCRBJ02
CASVKAGDPGELFF	TCRBV05	TCRBJ02
CASSARGNTGELFF	TCRBV09	TCRBJ02
CASSLSPANTGELFF	TCRBV07	TCRBJ02
CASSAVLTGELFF	TCRBV27	TCRBJ02
CSATMNTEAFF	TCRBV20	TCRBJ01
CSARRQGLYGYTF	TCRBV20	TCRBJ01
CSASGTSFYNEQFF	TCRBV20	TCRBJ02
CASSHLAGGLRDTQYF	TCRBV07	TCRBJ02
CASSEAKNQPQHF	TCRBV06	TCRBJ01
CASSGGLAGYEQYF	TCRBV10	TCRBJ02
CASTMWGFSGNTIYF	TCRBV05	TCRBJ01
CASDSSGANVLTF	TCRBV03	TCRBJ02
CASSIIGDEQFF	TCRBV27	TCRBJ02
CASSLAGTMGQETQYF	TCRBV07	TCRBJ02
CASKSSGSTDTQYF	TCRBV06	TCRBJ02
CASNSRQNNEKLFF	TCRBV13	TCRBJ01
CASSPSLVSQPQHF	TCRBV28	TCRBJ01
CASRSKGYQPQHF	TCRBV28	TCRBJ01
CASSQDAGSPRQPQHF	TCRBV04	TCRBJ01
CATGRPGQGSFLFSGELFF	TCRBV19	TCRBJ02
CASSEGQGTYEQYF	TCRBV06	TCRBJ02
CASSIFGTSLTDTQYF	TCRBV19	TCRBJ02
CAISGEAPSTDTQYF	TCRBV10	TCRBJ02
CASSQGSGRDQPQHF	TCRBV03	TCRBJ01
CASNPWGGDQPQHF	TCRBV09	TCRBJ01
CSAPDQGFNYGYTF	TCRBV20	TCRBJ01
CASRARREVYNEQFF	TCRBV05	TCRBJ02
CATKQGTSTDTQYF	TCRBV05	TCRBJ02
CASSPDRASYGYTF	TCRBV05	TCRBJ01
CASSYLDGANYGYTF	TCRBV06	TCRBJ01
CASSFRAGGAGYEQYF	TCRBV27	TCRBJ02
CASSTVGLAGSYEQYF	TCRBV27	TCRBJ02
CASSFRTSGRDEQFF	TCRBV07	TCRBJ02
CASSWTSVSSYNEQFF	TCRBV12	TCRBJ02
CASSFGIGQGTTQETQYF	TCRBV05	TCRBJ02
CASSVAPTSGYEQYF	TCRBV09	TCRBJ02
CSATGGNSGNTIYF	TCRBV20	TCRBJ01
CASSLAVQETQYF	TCRBV07	TCRBJ02
CASSLQGGGGTEAFF	TCRBV07	TCRBJ01
CASSLAGQATNEKLFF	TCRBV05	TCRBJ01
CASSNQGAGQPQHF	TCRBV09	TCRBJ01
CASSTTPGIAQFF	TCRBV12	TCRBJ02
CASSLTSGSNEQFF	TCRBV05	TCRBJ02
CASRQGEGTDTQYF	TCRBV06	TCRBJ02
CASSIIGLVAGELFF	TCRBV19	TCRBJ02
CSAPGQPQHF	TCRBV20	TCRBJ01
CASSILGSAYEQYF	TCRBV27	TCRBJ02
CASSSSSTAKNIQYF	TCRBV07	TCRBJ02
CATSRSKWTGNNEQFF	TCRBV15	TCRBJ02
CASSSLTGGETQYF	TCRBV02	TCRBJ02
CASTKGLTENTEAFF	TCRBV11	TCRBJ01
CASSLASRGTGEKLFF	TCRBV05	TCRBJ01
CASSYGQGYGYTF	TCRBV19	TCRBJ01
CASSAPLGLGQYF	TCRBV09	TCRBJ02
CASSLWGANVLTF	TCRBV27	TCRBJ02
CASRAPTRNEQFF	TCRBV27	TCRBJ02
CASSQDFGVKSYNEQFF	TCRBV04	TCRBJ02
CATSNQHQLAGEGGELFF	TCRBV24	TCRBJ02
CASSYSTGGTEAFF	TCRBV06	TCRBJ01
CASSEEDTVGEKLFF	TCRBV09	TCRBJ01
CASSSSVRNQPQHF	TCRBV27	TCRBJ01
CAISESDSHGYTF	TCRBV10	TCRBJ01
CASSSGSGNTIYF	TCRBV05	TCRBJ01
CASSQSDVAYNEQFF	TCRBV05	TCRBJ02
CAISESISGSSDTQYF	TCRBV10	TCRBJ02
CATSDPPGGARTDTQYF	TCRBV24	TCRBJ02
CATSDAKTRTNTDTQYF	TCRBV24	TCRBJ02
CASSLLVGDGELFF	TCRBV11	TCRBJ02
CASSEVRYVGEQYF	TCRBV09	TCRBJ02
CSASGTSYEQYF	TCRBV20	TCRBJ02
CASSEFGTQYF	TCRBV25	TCRBJ02
CASSEFLRQAWSEKLFF	TCRBV06	TCRBJ01
CASSLGTDTQYF	TCRBV11	TCRBJ02
CASSLGQGAVEQYF	TCRBV05	TCRBJ02
CASSLGPYEQYF	TCRBV05	TCRBJ02
CASSDHSGSNEQFF	TCRBV05	TCRBJ02
CASSFSPGKYNEQFF	TCRBV12	TCRBJ02
CASSGSTGLIGEQFF	TCRBV05	TCRBJ02
CASSLGLAETQYF	TCRBV05	TCRBJ02
CASRRGMAGELFF	TCRBV05	TCRBJ02
CASSLDRWVTEAFF	TCRBV05	TCRBJ01
CASSIVGSLAFQPQHF	TCRBV19	TCRBJ01
CASSLGGLTYEQYF	TCRBV07	TCRBJ02
CASSLAPGQGTQYF	TCRBV07	TCRBJ02
CASSKRQSTDTQYF	TCRBV27	TCRBJ02
CASSLDPDRAREAFF	TCRBV07	TCRBJ01
CASRPLTGMENTEAFF	TCRBV06	TCRBJ01
CAISDWQEVQPQHF	TCRBV10	TCRBJ01
CSASGTRNQPQHF	TCRBV20	TCRBJ01
CASSISRFNYGYTF	TCRBV19	TCRBJ01
CASSRRDESYEQYF	TCRBV07	TCRBJ02
CASSSSGNHYEQYF	TCRBV11	TCRBJ02
CSARAPTSANIQYF	TCRBV20	TCRBJ02
CASSYDGTSGFLETQYF	TCRBV06	TCRBJ02
CASMWSGGQQETQYF	TCRBV27	TCRBJ02
CSARDGGTDTQYF	TCRBV20	TCRBJ02
CASTQGASGELFF	TCRBV02	TCRBJ02
CASSLAGVVGNTIYF	TCRBV12	TCRBJ01
CATSDSILAGGPNTGELFF	TCRBV24	TCRBJ02
CASSPRPPWTGGNQPQHF	TCRBV27	TCRBJ01
CASSPRGNYNEQFF	TCRBV11	TCRBJ02
CASSASGTEETQYF	TCRBV05	TCRBJ02
CASSYLPTSGRATQYF	TCRBV06	TCRBJ02
CASSLTFTDTQYF	TCRBV12	TCRBJ02
CASSQTSGAQTDTQYF	TCRBV14	TCRBJ02
CASRLMNTEAFF	TCRBV02	TCRBJ01
CAISEGQANTEAFF	TCRBV10	TCRBJ01
CASSGGTGGDEKLFF	TCRBV19	TCRBJ01
CASSAGTGGNEKLFF	TCRBV05	TCRBJ01
CATTIGGFNQPQHF	TCRBV19	TCRBJ01
CATSRIGTSGSYEQYF	TCRBV15	TCRBJ02
CSARPGTSGWGTYEQYF	TCRBV20	TCRBJ02
CASSLDAIAGDYEQYF	TCRBV05	TCRBJ02
CASSPRGIYNEQFF	TCRBV07	TCRBJ02
CASSRGTSGRAYNEQFF	TCRBV05	TCRBJ02
CATTGFTDTQYF	TCRBV10	TCRBJ02
CASSLLLGGGRTGELFF	TCRBV11	TCRBJ02
CASRAGTHTGELFF	TCRBV02	TCRBJ02
CASSQRTGEEKLFF	TCRBV06	TCRBJ01
CASSLGWQTGANVLTF	TCRBV05	TCRBJ02
CASSTQRGDNEQFF	TCRBV04	TCRBJ02
CSASVQRPYQETQYF	TCRBV20	TCRBJ02
CASSYGHQSGTDTQYF	TCRBV06	TCRBJ02
CASSPNPGQGPANTGELFF	TCRBV07	TCRBJ02
CASSPDRGSTYGYTF	TCRBV18	TCRBJ01
CASSPPDRGHGYTF	TCRBV14	TCRBJ01
CASSPSGLSTRDIQYF	TCRBV03	TCRBJ02
CSARTGGRSYNEQFF	TCRBV20	TCRBJ02
CASSQDQGFATDTQYF	TCRBV14	TCRBJ02
CASSDAGTSTIYF	TCRBV10	TCRBJ01
CASSLRARGQEQYF	TCRBV27	TCRBJ02
CASSSGVTGEGHEQFF	TCRBV13	TCRBJ02
CASSAQFDTQYF	TCRBV09	TCRBJ02
CASSPRQGESTGELFF	TCRBV07	TCRBJ02
CASSEIWVTGAARGTEAFF	TCRBV25	TCRBJ01
CSALRDRVGEKLFF	TCRBV20	TCRBJ01
CASSEPGQGGFQPQHF	TCRBV10	TCRBJ01
CASSFSRGLAGGGEQFF	TCRBV05	TCRBJ02
CASSEGGQSNEQFF	TCRBV10	TCRBJ02
CASSSRGAGIREGELFF	TCRBV11	TCRBJ02
CAISESGSPSYEQYF	TCRBV10	TCRBJ02
CASSGWEGPYEQYF	TCRBV14	TCRBJ02
CASSKTGGTYNEQFF	TCRBV12	TCRBJ02
CSASPFLAVRDNEQFF	TCRBV20	TCRBJ02
CASSLAPAGGDTQYF	TCRBV05	TCRBJ02
CASSLAGGSTDTQYF	TCRBV05	TCRBJ02
CASSPGHSTDTQYF	TCRBV02	TCRBJ02
CASSFSTRVTEAFF	TCRBV28	TCRBJ01
CASSLSKGTGEQYF	TCRBV05	TCRBJ02
CASSFPGGFEQYF	TCRBV27	TCRBJ02
CSANRDWIYEQYF	TCRBV20	TCRBJ02
CASSPKDWTYEQYF	TCRBV07	TCRBJ02
CSARRVGSIYNEQFF	TCRBV20	TCRBJ02
CSATFSGSADTQYF	TCRBV20	TCRBJ02
CASSFGQLEFEAFF	TCRBV12	TCRBJ01
CASSTPRRPPYEQYF	TCRBV28	TCRBJ02
CASSPSGPRDVNTEAFF	TCRBV11	TCRBJ01
CASSSGTAANQPQHF	TCRBV07	TCRBJ01
CASKTDGQGQGYTF	TCRBV19	TCRBJ01
CASSLNLLAGGYEQYF	TCRBV05	TCRBJ02
CAWSKPGTGLFFTYEQYF	TCRBV30	TCRBJ02
CASSSSSGRAWEQFF	TCRBV13	TCRBJ02
CASSFPEERLTDTQYF	TCRBV05	TCRBJ02
CASSTGFYGYTF	TCRBV07	TCRBJ01
CASSGGTGEVRDYNEQFF	TCRBV02	TCRBJ02
CASRPGLAGVTDTQYF	TCRBV10	TCRBJ02
CASSSPRTGKEAFF	TCRBV28	TCRBJ01
CASSLFGTVFYGYTF	TCRBV28	TCRBJ01
CAWVPGQGLAKNIQYF	TCRBV30	TCRBJ02
CASSLEAGGRDEQFF	TCRBV11	TCRBJ02
CSAYNWGSGHNEQFF	TCRBV20	TCRBJ02
CASSPREAMVDTQYF	TCRBV19	TCRBJ02
CASSRREDSVSDTQYF	TCRBV27	TCRBJ02
CASRRIAQRTDTQYF	TCRBV12	TCRBJ02
CASSSPRGSLPSTDTQYF	TCRBV07	TCRBJ02
CASSQGSSGMYSTDTQYF	TCRBV14	TCRBJ02
CASSFGYTDTQYF	TCRBV07	TCRBJ02
CASSSIAGGPNTQYF	TCRBV27	TCRBJ02
CSVEVGVGPTGELFF	TCRBV29	TCRBJ02
CASSLATNTEAFF	TCRBV07	TCRBJ01
CASSPGGGQPQHF	TCRBV18	TCRBJ01
CASSAPTSGRSYEQYF	TCRBV19	TCRBJ02
CASSVDPTGIGEQFF	TCRBV09	TCRBJ02
CASTSGPANTGELFF	TCRBV19	TCRBJ02
CSATRQHNQPQHF	TCRBV20	TCRBJ01
CASSFTGNVNTIYF	TCRBV12	TCRBJ01
CASSLGTGWETQYF	TCRBV28	TCRBJ02
CASSLYGERQETQYF	TCRBV05	TCRBJ02
CASSLAFGGSADTQYF	TCRBV07	TCRBJ02
CASSLLGAQPDTQYF	TCRBV27	TCRBJ02
CASSLGWGWGRTDTQYF	TCRBV07	TCRBJ02
CASSYARRLNTGELFF	TCRBV06	TCRBJ02
CASVSSGTNTGELFF	TCRBV06	TCRBJ02
CASSQGAGIPPSEELFF	TCRBV14	TCRBJ02
CASTRGDGNQPQHF	TCRBV02	TCRBJ01
CASSIDMGGNQPQHF	TCRBV19	TCRBJ01
CASSTALGYTF	TCRBV28	TCRBJ01
CASSQALAGGLSYEQYF	TCRBV18	TCRBJ02
CASSGRDSGNTIYF	TCRBV19	TCRBJ01
CASSLSGTSGTGEQFF	TCRBV03	TCRBJ02
CASSLDGGEETQYF	TCRBV11	TCRBJ02
CASSLTSAGGPDTQYF	TCRBV07	TCRBJ02
CASSEGRGRSYEQYF	TCRBV06	TCRBJ02
CASSLSPTSGSDEQYF	TCRBV27	TCRBJ02
CASSPGARNDEQYF	TCRBV05	TCRBJ02
CASSLGVGGNEQYF	TCRBV07	TCRBJ02
CASLGESPEQFF	TCRBV10	TCRBJ02
CSARDLVSGSNEQFF	TCRBV20	TCRBJ02
CASSLGLYSTDTQYF	TCRBV09	TCRBJ02
CASSSLLAGSYEQYF	TCRBV05	TCRBJ02
CASSQETYGYNEQFF	TCRBV04	TCRBJ02
CASSDTGLWYNEQFF	TCRBV10	TCRBJ02
CASSLEVAEDSPYNEQFF	TCRBV05	TCRBJ02
CASTLSEGNQPQHF	TCRBV07	TCRBJ01
CASSTSSSYEQYF	TCRBV21	TCRBJ02
CASSRTGNIQYF	TCRBV04	TCRBJ02
CASSLGTTKNIQYF	TCRBV12	TCRBJ02
CASTPGVWQETQYF	TCRBV06	TCRBJ02
CASGYDRASTDTQYF	TCRBV19	TCRBJ02
CASTARGGVTTDTQYF	TCRBV19	TCRBJ02
CSARDETALKSEKLFF	TCRBV20	TCRBJ01
CASSLVGSSGAGEQYF	TCRBV07	TCRBJ02
CSARDGGGLGNEQFF	TCRBV20	TCRBJ02
CASSQGRVETQYF	TCRBV14	TCRBJ02
CASSPEAALKQETQYF	TCRBV07	TCRBJ02
CASSESGLAGGGDTQYF	TCRBV06	TCRBJ02
CSAPPSGWGGGELFF	TCRBV20	TCRBJ02
CASSLTSSNTGELFF	TCRBV04	TCRBJ02
CASRAGGSNYGYTF	TCRBV28	TCRBJ01
CASSYSWGGRETQYF	TCRBV06	TCRBJ02
CASSLGTLPRETQYF	TCRBV14	TCRBJ02
CASSRDREDTGELFF	TCRBV12	TCRBJ02
CASSFRTSGSDEQYF	TCRBV07	TCRBJ02
CSATGTSGREQFF	TCRBV20	TCRBJ02
CTTSRDYGLAQETQYF	TCRBV15	TCRBJ02
CSATGLARVSTDTQYF	TCRBV20	TCRBJ02
CASSVTGSTEAFF	TCRBV07	TCRBJ01
CASSKWTAMNTEAFF	TCRBV27	TCRBJ01
CASNRQNTEAFF	TCRBV28	TCRBJ01
CASSPVQGGLTEAFF	TCRBV28	TCRBJ01
CSAPRQVNEAFF	TCRBV20	TCRBJ01
CASSVRDAEAFF	TCRBV19	TCRBJ01
CATSRDTTSPYEQYF	TCRBV15	TCRBJ02
CASSAGSSAGNTIYF	TCRBV09	TCRBJ01
CASSYPPPGVPGNTIYF	TCRBV06	TCRBJ01
CASSWGTGRTDTQYF	TCRBV28	TCRBJ02
CASSLEGNTGELFF	TCRBV07	TCRBJ02
CASSLSPRTGRPVGRYNEQFF	TCRBV27	TCRBJ02
CASSPRGWTEAFF	TCRBV28	TCRBJ01
CASSSRTGDEKLFF	TCRBV05	TCRBJ01
CASSGGVLNEKLFF	TCRBV07	TCRBJ01
CASSLFFGGNYGYTF	TCRBV27	TCRBJ01
CASSLTLAGEYEQYF	TCRBV27	TCRBJ02
CAISERTTGGPDEQFF	TCRBV10	TCRBJ02
CASSLRQGATTDTQYF	TCRBV05	TCRBJ02
CASSSKLLAGDSGELFF	TCRBV07	TCRBJ02
CASTQGARTEAFF	TCRBV19	TCRBJ01
CALGQPRSGYTF	TCRBV28	TCRBJ01
CACKEQTRTYGYTF	TCRBV19	TCRBJ01
CSAPFGTSGYEQYF	TCRBV20	TCRBJ02
CSASENRLAPYEQYF	TCRBV20	TCRBJ02
CASSISETYEQYF	TCRBV19	TCRBJ02
CASEAVPSGANVLTF	TCRBV05	TCRBJ02
CASSFWTGNQLVDTQYF	TCRBV05	TCRBJ02
CASSEGQAGMGRTGELFF	TCRBV02	TCRBJ02
CASAQGGRGRNQPQHF	TCRBV12	TCRBJ01
CATSDLTGLEQFF	TCRBV24	TCRBJ02
CASTRAQLVQETQYF	TCRBV28	TCRBJ02
CASNERQDYWGKTQYF	TCRBV06	TCRBJ02
CASSRDRDTDTQYF	TCRBV05	TCRBJ02
CASTRTGNTEAFF	TCRBV10	TCRBJ01
CASSSQGAGEKLFF	TCRBV07	TCRBJ01
CASSLQGVNEKLFF	TCRBV05	TCRBJ01
CASSLRVINEKLFF	TCRBV28	TCRBJ01
CASSRGGGATNEKLFF	TCRBV07	TCRBJ01
CASSLERGPRVYEQYF	TCRBV07	TCRBJ02
CASGRQGQFEQFF	TCRBV28	TCRBJ02
CASSGRGADTQYF	TCRBV19	TCRBJ02
CASSPTDRDGTGELFF	TCRBV27	TCRBJ02
CASKSSGQTRDTEAFF	TCRBV19	TCRBJ01
CASSLNLNTEAFF	TCRBV07	TCRBJ01
CASTSEAGGGWTNEKLFF	TCRBV19	TCRBJ01
CASSLGPGGARPQHF	TCRBV05	TCRBJ01
CASGGSSYEQYF	TCRBV21	TCRBJ02
CASSFNDVLTF	TCRBV07	TCRBJ02
CASSTLAGGAYNEQFF	TCRBV07	TCRBJ02
CSASPWTSGNYNEQFF	TCRBV20	TCRBJ02
CASSFILGDQYF	TCRBV28	TCRBJ02
CASSELSGRGITDTQYF	TCRBV10	TCRBJ02
CASLFGNTEAFF	TCRBV02	TCRBJ01
CASKQGPTNEKLFF	TCRBV06	TCRBJ01
CASSPARDFQPQHF	TCRBV28	TCRBJ01
CASGSRETQPQHF	TCRBV06	TCRBJ01
CASSLPDRVEQPQHF	TCRBV28	TCRBJ01
CASSEGTSVDTQYF	TCRBV06	TCRBJ02
CASSELRPGGTDTQYF	TCRBV06	TCRBJ02
CASPTWGHSNQPQHF	TCRBV19	TCRBJ01
CSASPSRIMETQYF	TCRBV20	TCRBJ02
CASSLQRDRAGYTF	TCRBV07	TCRBJ01
CASSEEGSQALTTTVQYF	TCRBV06	TCRBJ02
CASSQTVSYEQYF	TCRBV21	TCRBJ02
CASVDLGGQGSYEQYF	TCRBV06	TCRBJ02
CARYRQGAYEQYF	TCRBV23	TCRBJ02
CASSSILAGGMDEQFF	TCRBV07	TCRBJ02
CASSPRQFSYNEQFF	TCRBV07	TCRBJ02
CASSRTSGRALSYNEQFF	TCRBV28	TCRBJ02
CASRPGWTSGTEETQYF	TCRBV12	TCRBJ02
CASSHPPNGDTQYF	TCRBV07	TCRBJ02
CASSLAVRVTDTQYF	TCRBV05	TCRBJ02
CASTSGGGTGELFF	TCRBV06	TCRBJ02
CASSPGPGEAFF	TCRBV18	TCRBJ01
CASSAGQGGNSNQPQHF	TCRBV10	TCRBJ01
CASTGGDAGANVLTF	TCRBV02	TCRBJ02
CASSPDPSSYNEQFF	TCRBV07	TCRBJ02
CASSEYSQDTQYF	TCRBV06	TCRBJ02
CASSPFDPQVINQPQHF	TCRBV27	TCRBJ01
CASSLVRNEQYF	TCRBV28	TCRBJ02
CASSLRTDRGPDEQFF	TCRBV06	TCRBJ02
CASSLSAGVGYNEQFF	TCRBV11	TCRBJ02
CSAGVGTVTQYF	TCRBV20	TCRBJ02
CASRAGDPDTQYF	TCRBV05	TCRBJ02
CASSYRQASSTDTQYF	TCRBV05	TCRBJ02
CASSARVDEQFF	TCRBV18	TCRBJ02
CASSAQDTKSNEQFF	TCRBV06	TCRBJ02
CASSLGQGRTEAFF	TCRBV07	TCRBJ01
CASRYGYKVHNEKLFF	TCRBV21	TCRBJ01
CASSLAGTGGYEQYF	TCRBV07	TCRBJ02
CASRDRGGEQFF	TCRBV06	TCRBJ02
CASWPPGTAGRNEQFF	TCRBV07	TCRBJ02
CASSWGQLGETQYF	TCRBV06	TCRBJ02
CASATKHLYF	TCRBV21	TCRBJ02
CASSPLGKLLTDTQYF	TCRBV06	TCRBJ02
CATGLLNTGELFF	TCRBV15	TCRBJ02
CASSLVGQGLVNYGYTF	TCRBV13	TCRBJ01
CASSPSFSEGGYTF	TCRBV07	TCRBJ01
CASSYRELEQYF	TCRBV07	TCRBJ02
CASSITGTSGSYEQYF	TCRBV19	TCRBJ02
CASSFLREQFF	TCRBV28	TCRBJ02
CASSAGGLALSEQFF	TCRBV07	TCRBJ02
CASSSTPYNEQFF	TCRBV06	TCRBJ02
CASSVAAGWGTDTQYF	TCRBV09	TCRBJ02
CAIGASGGTDTQYF	TCRBV10	TCRBJ02
CASSPTDSNQPQHF	TCRBV05	TCRBJ01
CSGTVAGNTIYF	TCRBV29	TCRBJ01
CASSRGWGGDEQFF	TCRBV14	TCRBJ02
CASSIYDNEQFF	TCRBV19	TCRBJ02
CASSLAGAGGGDTQYF	TCRBV05	TCRBJ02
CASSSDRDRGPRGAFF	TCRBV11	TCRBJ01
CASSFQRGGYGYTF	TCRBV27	TCRBJ01
CATAPPTGARYGYTF	TCRBV28	TCRBJ01
CASSPDSREQYF	TCRBV18	TCRBJ02
CASRPGQGAWETQYF	TCRBV19	TCRBJ02
CSARPPGREQDAQYF	TCRBV20	TCRBJ02
CASSLGTGTSGSFGAQYF	TCRBV07	TCRBJ02
CASSSPSGRASTDTQYF	TCRBV06	TCRBJ02
CASRDRAGGITDTQYF	TCRBV19	TCRBJ02
CASSLEMGRGAQDTQYF	TCRBV11	TCRBJ02
CASSAGTLAYEQYF	TCRBV18	TCRBJ02
CASTFMAGGSEQFF	TCRBV19	TCRBJ02
CASSLKVSGLAGLGRSYNEQFF	TCRBV05	TCRBJ02
CASSQENYRNNEQFF	TCRBV04	TCRBJ02
CASTLLAGGPVETQYF	TCRBV28	TCRBJ02
CAWRYLTPTDTQYF	TCRBV30	TCRBJ02
CSGSGPNTGELFF	TCRBV29	TCRBJ02
CASSLIGSAEAFF	TCRBV07	TCRBJ01
CASSLGQRLGSNQPQHF	TCRBV05	TCRBJ01
CASSLVPLAGVYEQYF	TCRBV28	TCRBJ02
CASSPGTSGIYEQYF	TCRBV18	TCRBJ02
CASSFRDFTYEQYF	TCRBV07	TCRBJ02
CASGGVAGNTIYF	TCRBV06	TCRBJ01
CASSYSLTSGYNEQFF	TCRBV06	TCRBJ02
CAWNAGQETQYF	TCRBV30	TCRBJ02
CASSSAGGAGSTEAFF	TCRBV28	TCRBJ01
CASSLPGQGFTNEKLFF	TCRBV07	TCRBJ01
CASSPKSSSAARGYEQYF	TCRBV14	TCRBJ02
CASSAAPSSGRYNEQFF	TCRBV09	TCRBJ02
CASSSPTSGSSYNEQFF	TCRBV07	TCRBJ02
CASSQLPTGLEKTQYF	TCRBV03	TCRBJ02
CASSLISSGATDTQYF	TCRBV27	TCRBJ02
CATLRTGTTEAFF	TCRBV27	TCRBJ01
CASSRDRGEAEQYF	TCRBV18	TCRBJ02
CASSWGYEQYF	TCRBV06	TCRBJ02
CASRGGSYEQYF	TCRBV28	TCRBJ02
CASSQPREVLYNEQFF	TCRBV04	TCRBJ02
CASSFADRGDTQYF	TCRBV27	TCRBJ02
CASSLGRSSRSDTQYF	TCRBV27	TCRBJ02
CASSITRTGGTEAFF	TCRBV19	TCRBJ01
CASRRGTAQPQHF	TCRBV28	TCRBJ01
CATSKDRVSYNEQFF	TCRBV15	TCRBJ02
CSASGIEDTQYF	TCRBV20	TCRBJ02
CASSLDLPTDTQYF	TCRBV05	TCRBJ02
CASRQASRDRALVMNTEAFF	TCRBV12	TCRBJ01
CASSPNRDGYTF	TCRBV18	TCRBJ01
CASGAGSGGYEQYF	TCRBV05	TCRBJ02
CASSFLKGLPSETQYF	TCRBV07	TCRBJ02
CASKKGLAGGRGELFF	TCRBV28	TCRBJ02
CASSFPPDRAHTEAFF	TCRBV05	TCRBJ01
CASNLRGLLYEQYF	TCRBV28	TCRBJ02
CASSARDLSYEQYF	TCRBV19	TCRBJ02
CASTSGQGDNSGNTIYF	TCRBV06	TCRBJ01
CSARKGLAGIEQFF	TCRBV20	TCRBJ02
CASSLGRAGGTYNEQFF	TCRBV05	TCRBJ02
CASSPRPFTDTQYF	TCRBV27	TCRBJ02
CASSPGQGGTDTQYF	TCRBV05	TCRBJ02
CASVGFSTGELFF	TCRBV06	TCRBJ02
CASSLYTEAFF	TCRBV27	TCRBJ01
CASSPTAQGGYGYTF	TCRBV18	TCRBJ01
CATSKGYPGKTQYF	TCRBV15	TCRBJ02
CASSLVQGGYTF	TCRBV07	TCRBJ01
CASSPAGFEGRINYGYTF	TCRBV27	TCRBJ01
CASSLGLAGGGEQYF	TCRBV28	TCRBJ02
CASSSPMLRTGIYEQYF	TCRBV28	TCRBJ02
CASRRTRVEAGEQFF	TCRBV27	TCRBJ02
CASNFGGQETQYF	TCRBV19	TCRBJ02
CASSSPVIDTQYF	TCRBV07	TCRBJ02
CASSYNKRGRYGYTF	TCRBV19	TCRBJ01
CATSRQQVGNTIYF	TCRBV15	TCRBJ01
CASSLEGRPNVLTF	TCRBV27	TCRBJ02
CASSLGREGHNEQFF	TCRBV12	TCRBJ02
CASSLDRTSGRPHNEQFF	TCRBV11	TCRBJ02
CASSAGKETQYF	TCRBV02	TCRBJ02
CASSPSTGGDTQYF	TCRBV05	TCRBJ02
CASSQSTSGRADTQYF	TCRBV14	TCRBJ02
CASSLTEGELFF	TCRBV27	TCRBJ02
CASSAGNEQFF	TCRBV09	TCRBJ02
CASSQEAGSSYNEQFF	TCRBV14	TCRBJ02
CASSLAGGLKGETQYF	TCRBV07	TCRBJ02
CSAGQGETQYF	TCRBV20	TCRBJ02
CAISESGGGSSYTQYF	TCRBV10	TCRBJ02
CASTEGRGLSYGYTF	TCRBV28	TCRBJ01
CASSLRLGLAGVSSYNEQFF	TCRBV27	TCRBJ02
CASTKDTGTQYF	TCRBV06	TCRBJ02
CASSQAGVGTGELFF	TCRBV04	TCRBJ02
CASRPAGLAGANTGELFF	TCRBV19	TCRBJ02
CASSIGAGGYVNQPQHF	TCRBV19	TCRBJ01
CASSKNSYNYGYTF	TCRBV28	TCRBJ01
CASIRSGSWDEQYF	TCRBV28	TCRBJ02
CASSITGPHSGNTIYF	TCRBV06	TCRBJ01
CASSWAGNEQFF	TCRBV07	TCRBJ02
CASRQGASRKGYF	TCRBV06	TCRBJ02
CASSGEHLSHRFTQYF	TCRBV06	TCRBJ02
CASSIAGRDTEAFF	TCRBV19	TCRBJ01
CAISRQGVSGNTEAFF	TCRBV10	TCRBJ01
CASSPRGVEEKLFF	TCRBV07	TCRBJ01
CASSLSYDRPNYGYTF	TCRBV28	TCRBJ01
CASSLDRNGYTF	TCRBV05	TCRBJ01
CASSLTSGDPRGYEQYF	TCRBV05	TCRBJ02
CASSLASGFTYEQYF	TCRBV07	TCRBJ02
CASSEVSGSFGNIQYF	TCRBV06	TCRBJ02
CASRGTVAKNIQYF	TCRBV12	TCRBJ02
CATRGGGAKNIQYF	TCRBV15	TCRBJ02
CASSEQGGGRGETQYF	TCRBV06	TCRBJ02
CASRSQGDTQYF	TCRBV28	TCRBJ02
CASSFSDRTDTQYF	TCRBV07	TCRBJ02
CASSLGGGLSDEQFF	TCRBV18	TCRBJ02
CSARDPAGGSNEQFF	TCRBV20	TCRBJ02
CASSLGGAGVAEQFF	TCRBV27	TCRBJ02
CASSAGTSASRDEQFF	TCRBV05	TCRBJ02
CSAREPGTSGSKLSYNEQFF	TCRBV20	TCRBJ02
CASSLNAAGEGDTQYF	TCRBV28	TCRBJ02
CASSLSSGTVATNEKLFF	TCRBV18	TCRBJ01
CASSLSGRASDEQYF	TCRBV07	TCRBJ02
CASSFLAGGLNEQFF	TCRBV07	TCRBJ02
CASSLAGGQQETQYF	TCRBV07	TCRBJ02
CASSHSTGATDTQYF	TCRBV14	TCRBJ02
CASSRVGRGLNTGELFF	TCRBV12	TCRBJ02
CASSLQGTEAFF	TCRBV05	TCRBJ01
CASSISEQGNQPQHF	TCRBV19	TCRBJ01
CSARETSGRSLAYEQYF	TCRBV20	TCRBJ02
CAPARLAKNIQYF	TCRBV07	TCRBJ02
CASSNIAGVVNEQFF	TCRBV06	TCRBJ02
CSARGPGTSTDTQYF	TCRBV20	TCRBJ02
CASSPEIFEYEQYF	TCRBV18	TCRBJ02
CASIPPGRSSYEQYF	TCRBV28	TCRBJ02
CASRAPSYEQYF	TCRBV06	TCRBJ02
CASSGRDNTDTQYF	TCRBV05	TCRBJ02
CASSLSGRAFDEQYF	TCRBV07	TCRBJ02
CASKGRSGANVLTF	TCRBV28	TCRBJ02
CASSLLTSGRTNEQFF	TCRBV28	TCRBJ02
CASSQTGYNEQFF	TCRBV19	TCRBJ02
CASSQGTSAYNEQFF	TCRBV16	TCRBJ02
CASRWSSGQTDTQYF	TCRBV07	TCRBJ02
CASSPPGQGYTGELFF	TCRBV07	TCRBJ02
CASSLAGTGGALTEAFF	TCRBV13	TCRBJ01
CASSPDRGLWNTEAFF	TCRBV28	TCRBJ01
CASSLGTSGSSYEQYF	TCRBV07	TCRBJ02
CASSPRDTDYEQYF	TCRBV18	TCRBJ02
CASSTPPTGTALSSGNTIYF	TCRBV07	TCRBJ01
CASSLSQAPYNEQFF	TCRBV07	TCRBJ02
CASSWGTAERQETQYF	TCRBV07	TCRBJ02
CASSIPTSGSSHTQYF	TCRBV19	TCRBJ02
CASSLIPQNGRIRVAFF	TCRBV28	TCRBJ01
CASSLFSGIEQYF	TCRBV28	TCRBJ02
CSASLDGGTQYF	TCRBV20	TCRBJ02
CASSIVPGLAGGDTQYF	TCRBV19	TCRBJ02
CASSIWASDTGELFF	TCRBV19	TCRBJ02
CASMWQAGAHNEKLFF	TCRBV02	TCRBJ01
CASSSRLVDEQFF	TCRBV07	TCRBJ02
CASSDTLAGGNEQFF	TCRBV06	TCRBJ02
CASRGGSGPSRIDIYNEQFF	TCRBV10	TCRBJ02
CASSGRTPSFGETQYF	TCRBV28	TCRBJ02
CASSVVASGLTDTQYF	TCRBV09	TCRBJ02
CASSSVRGLAGASYNEQFF	TCRBV28	TCRBJ02
CASSRMGEGARLYNEQFF	TCRBV09	TCRBJ02
CASSTRLAAHSYNEQFF	TCRBV19	TCRBJ02
CASSPTVLTNPLRETQYF	TCRBV12	TCRBJ02
CASSALNTDTQYF	TCRBV07	TCRBJ02
CAISVAGQGVGELFF	TCRBV10	TCRBJ02
CASSSPPSVTGELFF	TCRBV28	TCRBJ02
CASSLQLTNEKLFF	TCRBV18	TCRBJ01
CASSSRTAGAAQFF	TCRBV07	TCRBJ02
CATSDFGAGRGNEQFF	TCRBV24	TCRBJ02
CASRTRGGLAPNEQFF	TCRBV19	TCRBJ02
CASSTAPGQGITDTQYF	TCRBV18	TCRBJ02
CASSVAVSGAEPKTTWSTEAFF	TCRBV02	TCRBJ01
CASRDMEYTEAFF	TCRBV02	TCRBJ01
CASSPQGATNEKLFF	TCRBV09	TCRBJ01
CASSLGTGGFDIQYF	TCRBV27	TCRBJ02
CASSTSELAYNEQFF	TCRBV07	TCRBJ02
CAGGRVGSGETQYF	TCRBV29	TCRBJ02
CASSLWREGTGELFF	TCRBV27	TCRBJ02
CACSRAANTGELFF	TCRBV28	TCRBJ02
CASSAQGGWGTEAFF	TCRBV02	TCRBJ01
CARSQTRDRVPTEAFF	TCRBV05	TCRBJ01
CSAHGGPGDGYTF	TCRBV20	TCRBJ01
CASSQDHGKQGGQETQYF	TCRBV03	TCRBJ02
CASSDSRLAGSCTDTQYF	TCRBV06	TCRBJ02
CASSYSLSEQFF	TCRBV06	TCRBJ02
CASSPWEDDEQFF	TCRBV27	TCRBJ02
CASSPRASIDNEQFF	TCRBV18	TCRBJ02
CASSFSNVRNNEQFF	TCRBV28	TCRBJ02
CASSYNKRGKYGYTF	TCRBV19	TCRBJ01
CASSVVGTGAGNTIYF	TCRBV09	TCRBJ01
CASSLMAGGPNEQFF	TCRBV07	TCRBJ02
CASSPRREIYNEQFF	TCRBV28	TCRBJ02
CASSEGLAGPYNEQFF	TCRBV07	TCRBJ02
CASSKPVDNEQFF	TCRBV21	TCRBJ02
CASGMGQSRETQYF	TCRBV07	TCRBJ02
CASSPRDGNQPQHF	TCRBV27	TCRBJ01
CASSSQGAIRVTDTQYF	TCRBV28	TCRBJ02
CASGPPAVGIDEQFF	TCRBV10	TCRBJ02
CASSPPDSYTDTQYF	TCRBV28	TCRBJ02
CSARGLAANTGELFF	TCRBV20	TCRBJ02
CASSLDLGRVAFF	TCRBV05	TCRBJ01
CASSEGTAFMNTEAFF	TCRBV06	TCRBJ01
CASSLSPGQSLGKLFF	TCRBV27	TCRBJ01
CASSLVGSSYNEQFF	TCRBV05	TCRBJ02
CASSALPGTITHNEQFF	TCRBV14	TCRBJ02
CATHGKYEGGTDTQYF	TCRBV07	TCRBJ02
CASNPIGNYEQFF	TCRBV27	TCRBJ02
CVSSVAGVAYNEQFF	TCRBV07	TCRBJ02
CATSRDLSTGVINEQFF	TCRBV15	TCRBJ02
CASREGVGEGTEAFF	TCRBV06	TCRBJ01
CASSPTWDLGPYEQYF	TCRBV18	TCRBJ02
CASSQSPGDTQYF	TCRBV23	TCRBJ02
CAIRGLAGVLGDTQYF	TCRBV10	TCRBJ02
CASTLMGGQGVTGELFF	TCRBV28	TCRBJ02
CASSQGDRAHIQYF	TCRBV03	TCRBJ02
CAGGRGGAGETQYF	TCRBV29	TCRBJ02
CASSQWRTGQETQYF	TCRBV14	TCRBJ02
CASTLSTGADTQYF	TCRBV07	TCRBJ02
CASSFRLPGPEAFF	TCRBV05	TCRBJ01
CASSDSTGARTEAFF	TCRBV10	TCRBJ01
CSYAAGGPDKNIQYF	TCRBV20	TCRBJ02
CASSESGQGRYEQYF	TCRBV28	TCRBJ02
CASRGTVLLRGRAYNEQFF	TCRBV06	TCRBJ02
CASSANPGTGGQYF	TCRBV05	TCRBJ02
CASSFGRREKLFF	TCRBV28	TCRBJ01
CSAGGGLAGDEQYF	TCRBV20	TCRBJ02
CASSPRGRQAIQYF	TCRBV28	TCRBJ02
CASSLGVKGSTDTQYF	TCRBV28	TCRBJ02
CASSPSAGGGPTDTQYF	TCRBV28	TCRBJ02
CASSETSGNTIYF	TCRBV06	TCRBJ01
CATSYLGAGLGNEQFF	TCRBV24	TCRBJ02
CASSLSTRPHEQFF	TCRBV28	TCRBJ02
CASKRGGSAWAIYF	TCRBV12	TCRBJ01
CASSGLLGAVYEQFF	TCRBV28	TCRBJ02
CAGGRVGAGETQYF	TCRBV29	TCRBJ02
CASSPTGGTDTQYF	TCRBV18	TCRBJ02
CASSLESPGLTGELFF	TCRBV07	TCRBJ02
CASSLGAGDGYTF	TCRBV07	TCRBJ01
CAGGRGGSGETQYF	TCRBV29	TCRBJ02
CSVQGKTVF	TCRBV29	TCRBJ01
CASSLGGQGAYEQYF	TCRBV05	TCRBJ02
CASSLTSGSEYEQYF	TCRBV11	TCRBJ02
CASSPSGSGANVLTF	TCRBV19	TCRBJ02
CASQTAGGGANVLTF	TCRBV04	TCRBJ02
CARGLAGHHWTGELFF	TCRBV06	TCRBJ02
CASSEGQLNTGELFF	TCRBV13	TCRBJ02
CASSEGQLNTGELFF	TCRBV12	TCRBJ02
CAISEAPGQGAEAFF	TCRBV10	TCRBJ01
CASSCHTSGGAYYGYTF	TCRBV27	TCRBJ01
CASSGPGQGYEQYF	TCRBV02	TCRBJ02
CASSFVGGKNYEQYF	TCRBV05	TCRBJ02
CASSEGGGSYNEQFF	TCRBV06	TCRBJ02
CASSPPDSNSYNEQFF	TCRBV03	TCRBJ02
CSARPNLNEQFF	TCRBV20	TCRBJ02
CASRTSGSTDTQYF	TCRBV12	TCRBJ02
CASSTQGARNTEAFF	TCRBV19	TCRBJ01
