0,1,2,3,4,5,6,7
CASSEASGSTGELFF,CASSETSGSTGELFF,,,,,,
CASSFQGTEAFF,CASSLQGTEAFF,,,,,,
CASSASFNTEAFF,CASSASGNTEAFF,,,,,,
CASSPRGIYNEQFF,CASSPRGNYNEQFF,,,,,,
CASSLGFTDTQYF,CASSLGTTDTQYF,CASSSGSTDTQYF,CASSSGYTDTQYF,CASSLGYTDTQYF,CASSDGSTDTQYF,CASSLTFTDTQYF,CASSFGYTDTQYF
CATSYFGAGLGNEQFF,CATSYLGAGLGNEQFF,CATSDFGAGLGNEQFF,CATSDLGAGLGNEQFF,CATSDFGAGRGNEQFF,,,
CAWGSSGGHQPQHF,CAWGSSGGYQPQHF,,,,,,
CASSQTENTEAFF,CASSQTGNTEAFF,CASSQVGNTEAFF,,,,,
CAWSRGLDYEQYF,CAWSRGLSYEQYF,CAWARGLDYEQYF,CAWMRGLDYEQYF,CAWGRGLSYEQYF,,,
CANSFGTWGTYEQYF,CASSFGTWGTYEQYF,CASSFGTSGTYEQYF,,,,,
CASSLGGETQYF,CASSLSGETQYF,,,,,,
CASSLANTGELFF,CASSLSNTGELFF,CASSPANTGELFF,,,,,
CASSPRDWTYEQYF,CASSPRDYTYEQYF,CASSLRDYTYEQYF,CASSHRDYTYEQYF,CASSPKDWTYEQYF,,,
CASSLIAGELFF,CASSLMAGELFF,,,,,,
CARSLEPRGGGYTF,CASSLEPRGGGYTF,,,,,,
CASKSSGSTDTQYF,CASRSSGSTDTQYF,CASRTSGSTDTQYF,,,,,
CASSRGNYGYTF,CASSVGNYGYTF,,,,,,
CASSYRSSGSGGDKNEQFF,CASSYRSSGSGGDRNEQFF,,,,,,
CASSDSGYEQYF,CASSDSSYEQYF,CASSLSSYEQYF,CASSDNSYEQYF,,,,
CSAQEGGETQYF,CSAQTGGETQYF,CSAMTGGETQYF,,,,,
CASSSTGIYGYTF,CASSSTGNYGYTF,CASSSNGNYGYTF,,,,,
CASSLEAGEGNEQFF,CASSLEAGEYNEQFF,,,,,,
CASSETGTENEKLFF,CASSETGTGNEKLFF,CASSETGTGYEKLFF,,,,,
CASRMAGELFF,CASRNAGELFF,,,,,,
CASARNYGYTF,CASERNYGYTF,CASSRNYGYTF,,,,,
CAGGRGGAGETQYF,CAGGRVGAGETQYF,CAGGRGGSGETQYF,CAGGRVGSGETQYF,,,,
CASSLGLNTEAFF,CASSLNLNTEAFF,,,,,,
CASSLGQMNTEAFF,CASSWGQMNTEAFF,,,,,,
CASSQGDNEKLFF,CASSQGFNEKLFF,,,,,,
CSASRTSGRAADTQYF,CSASRTSGRSADTQYF,,,,,,
CASSLQWNTEAFF,CASSLQYNTEAFF,CASSLQYYTEAFF,,,,,
CASSEPGQGRYEQYF,CASSESGQGRYEQYF,,,,,,
CASSLEGLDTQYF,CASSQEGLDTQYF,,,,,,
CASGAGSGGYEQYF,CASGSGSGGYEQYF,,,,,,
CASSFRDFPYEQYF,CASSFRDFTYEQYF,CASSSKDFTYEQYF,CASSSRDFTYEQYF,,,,
CASSPTGASTDTQYF,CASSQTGASTDTQYF,,,,,,
CASSIGGRETQYF,CASSIRGRETQYF,,,,,,
CASSLRGGDRGETQYF,CASSLRGWDRGETQYF,,,,,,
CASSQGRNQPQHF,CASSQVRNQPQHF,,,,,,
CASSLGQGNQPQHF,CASSLGTGNQPQHF,,,,,,
CASSQGETQYF,CASSVGETQYF,,,,,,
CASRPGRTSGTEETQYF,CASRPGWTSGTEETQYF,,,,,,
CASKGENYGYTF,CASKGTNYGYTF,,,,,,
CASSEGDGTYEQYF,CASSEGQGTYEQYF,,,,,,
CASSTRTGAGETQYF,CASSTRTGEGETQYF,,,,,,
CASSRGGNQPQHF,CASSRQGNQPQHF,CASSRQGDQPQHF,CASSKQGDQPQHF,,,,
CASSTFTDTQYF,CASSTGTDTQYF,CASSLGTDTQYF,,,,,
CASALLAGGTDTQYF,CASSLLAGGTDTQYF,,,,,,
CASSLATTNTEAFF,CASSLSTTNTEAFF,CTSSLATTNTEAFF,,,,,
CASSLTGGNTEAFF,CASSWTGGNTEAFF,,,,,,
CASSQGQETQYF,CASSQGSETQYF,,,,,,
CASSLGGANYGYTF,CASSLGGSNYGYTF,,,,,,
CASSEGGGSYNEQFF,CASSETGGSYNEQFF,,,,,,
CASRLGSYNEQFF,CASSLGSYNEQFF,CASRLGNYNEQFF,,,,,
CSAHGGPGDGYTF,CSARGGPGDGYTF,,,,,,
CASSLTGSSYNEQFF,CASSLVGSSYNEQFF,,,,,,
CASSFSGGSYEQYF,CASSFSGLSYEQYF,,,,,,
CASSLERGYGYTF,CASSVERGYGYTF,,,,,,
CASSSGTAANQPQHF,CASSSGTASNQPQHF,,,,,,
CASSAGNEQFF,CASSWGNEQFF,,,,,,
CASSYNKRGKYGYTF,CASSYNKRGRYGYTF,,,,,,
CSASAGLEPYNEQFF,CSASWGLEPYNEQFF,,,,,,
CASSKDLNTEAFF,CASSSDLNTEAFF,,,,,,
CASSLTSGSEYEQYF,CASSLTSGSEYTQYF,,,,,,
CASSTDRGNQPQHF,CASSTDRSNQPQHF,,,,,,
CATSEPDGKETQYF,CATSEPDGQETQYF,,,,,,
CASSLGYEQYF,CASSWGYEQYF,,,,,,
CASSQGWRDTDTQYF,CASSQGWTDTDTQYF,,,,,,
CASSLQTTGANVLTF,CTSSLQTTGANVLTF,,,,,,
CASSVAGVAYNEQFF,CVSSVAGVAYNEQFF,,,,,,
CASSAGGHTDTQYF,CASSAGGSTDTQYF,,,,,,
CASSLGPYEQYF,CASSLRPYEQYF,,,,,,
CASSEFGTQYF,CASSELGTQYF,,,,,,
CASSAGQGRTEAFF,CASSLGQGRTEAFF,,,,,,
CASTQDSVSGNTIYF,CASTRDSVSGNTIYF,,,,,,
CASSLGLAGDNEQFF,CASSLGLAGGNEQFF,,,,,,
CASSGRGNQPQHF,CASSGVGNQPQHF,,,,,,
CASGTVNYGYTF,CASRTVNYGYTF,,,,,,
CASSLSGRAFDEQYF,CASSLSGRASDEQYF,,,,,,
CASSIGTGVHGYTF,CASSIRTGVHGYTF,,,,,,
CASSGQANTGELFF,CASSGQGNTGELFF,,,,,,
