0,1,2,3,4,5,6,7,8,9,10,11,12,13,14,15,16,17,18,19,20,21,22,23,24,25,26,27,28,29,30,31,32,33,34,35,36,37,38,39,40,41,42,43,44,45,46,47,48,49,50,51,52,53,54,55,56,57,58,59,60,61,62,63,64,65,66
CASSATGDNQPQHF,CASSRTGDNQPQHF,,,,,,,,,,,,,,,,,,,,,,,,,,,,,,,,,,,,,,,,,,,,,,,,,,,,,,,,,,,,,,,,,
CASSFEGSSGNTIYF,CASSVEGSSGNTIYF,,,,,,,,,,,,,,,,,,,,,,,,,,,,,,,,,,,,,,,,,,,,,,,,,,,,,,,,,,,,,,,,,
CASSDGGSGANVLTF,CASSYGGSGANVLTF,CASSYGRSGANVLTF,,,,,,,,,,,,,,,,,,,,,,,,,,,,,,,,,,,,,,,,,,,,,,,,,,,,,,,,,,,,,,,,
CASRIGGSNQPQHF,CASRIGISNQPQHF,CASSIGGSNQPQHF,,,,,,,,,,,,,,,,,,,,,,,,,,,,,,,,,,,,,,,,,,,,,,,,,,,,,,,,,,,,,,,,
CASSDSSGDTDTQYF,CASSDSSGSTDTQYF,,,,,,,,,,,,,,,,,,,,,,,,,,,,,,,,,,,,,,,,,,,,,,,,,,,,,,,,,,,,,,,,,
CASSLGQGTGNTIYF,CASSPGQGTGNTIYF,CASSLGQGPGNTIYF,,,,,,,,,,,,,,,,,,,,,,,,,,,,,,,,,,,,,,,,,,,,,,,,,,,,,,,,,,,,,,,,
CASSLGQGANQPQHF,CASSLGQGGNQPQHF,CASSLGVGGNQPQHF,,,,,,,,,,,,,,,,,,,,,,,,,,,,,,,,,,,,,,,,,,,,,,,,,,,,,,,,,,,,,,,,
CSARDREYSNQPQHF,CSARDRRYSNQPQHF,,,,,,,,,,,,,,,,,,,,,,,,,,,,,,,,,,,,,,,,,,,,,,,,,,,,,,,,,,,,,,,,,
CASSLRASGANVLTF,CASSSRASGANVLTF,CASSLEGSGANVLTF,CASSLRGSGANVLTF,CASSSRTSGANVLTF,,,,,,,,,,,,,,,,,,,,,,,,,,,,,,,,,,,,,,,,,,,,,,,,,,,,,,,,,,,,,,
CASSPRTSGNYNEQFF,CASSSRTSGNYNEQFF,CASSPRTSGIYNEQFF,,,,,,,,,,,,,,,,,,,,,,,,,,,,,,,,,,,,,,,,,,,,,,,,,,,,,,,,,,,,,,,,
CATSTRRTGTGYTF,CATSTRRTGYGYTF,,,,,,,,,,,,,,,,,,,,,,,,,,,,,,,,,,,,,,,,,,,,,,,,,,,,,,,,,,,,,,,,,
CASRPNRNAPMNTEAFF,CASRSNRNAPMNTEAFF,,,,,,,,,,,,,,,,,,,,,,,,,,,,,,,,,,,,,,,,,,,,,,,,,,,,,,,,,,,,,,,,,
CASSPPGENSPLHF,CASSPPGHNSPLHF,,,,,,,,,,,,,,,,,,,,,,,,,,,,,,,,,,,,,,,,,,,,,,,,,,,,,,,,,,,,,,,,,
CASRHRDSGANVLTF,CASRSRDSGANVLTF,,,,,,,,,,,,,,,,,,,,,,,,,,,,,,,,,,,,,,,,,,,,,,,,,,,,,,,,,,,,,,,,,
CASSLAGTASGNTIYF,CASSLAGTDSGNTIYF,,,,,,,,,,,,,,,,,,,,,,,,,,,,,,,,,,,,,,,,,,,,,,,,,,,,,,,,,,,,,,,,,
CASSLGGGSGNTIYF,CASSLGGSSGNTIYF,,,,,,,,,,,,,,,,,,,,,,,,,,,,,,,,,,,,,,,,,,,,,,,,,,,,,,,,,,,,,,,,,
CASSLEPSSYEQYF,CASSLVPSSYEQYF,CASSLVPNSYEQYF,CASSLEQSSYEQYF,,,,,,,,,,,,,,,,,,,,,,,,,,,,,,,,,,,,,,,,,,,,,,,,,,,,,,,,,,,,,,,
CASSLGQGPYNEQFF,CASSLGQGTYNEQFF,CASSHGQGPYNEQFF,,,,,,,,,,,,,,,,,,,,,,,,,,,,,,,,,,,,,,,,,,,,,,,,,,,,,,,,,,,,,,,,
CASSHQGGNYGYTF,CASSRQGGNYGYTF,CASSPQGGNYGYTF,CASSWQGGNYGYTF,CASSGQGGNYGYTF,CASSYQGGNYGYTF,CASSSQGGNYGYTF,CASSLQGASYGYTF,CASSLQGGSYGYTF,CASSRQGGSYGYTF,CASNRQGGNYGYTF,CASSPQGANYGYTF,CASSPQTGNYGYTF,,,,,,,,,,,,,,,,,,,,,,,,,,,,,,,,,,,,,,,,,,,,,,,,,,,,,,
CASSLGTANQPQHF,CASSLGTSNQPQHF,CASSLGTLNQPQHF,CASSPGTANQPQHF,CASSLYTSNQPQHF,CASSLGTSNQSQHF,,,,,,,,,,,,,,,,,,,,,,,,,,,,,,,,,,,,,,,,,,,,,,,,,,,,,,,,,,,,,
CASSLGQGAYEQYF,CASSLGTGAYEQYF,CASSPGTGTYEQYF,CASTPGTGTYEQYF,CASSLGQGPYEQYF,CASSLNQGPYEQYF,CASSWGQGAYEQYF,CASSWGTGTYEQYF,CASSPGTGAYEQYF,,,,,,,,,,,,,,,,,,,,,,,,,,,,,,,,,,,,,,,,,,,,,,,,,,,,,,,,,,
CASSDGTGGYGYTF,CASSTGTGGYGYTF,,,,,,,,,,,,,,,,,,,,,,,,,,,,,,,,,,,,,,,,,,,,,,,,,,,,,,,,,,,,,,,,,
CASSSGRGGLEQYF,CASSSGVGGLEQYF,,,,,,,,,,,,,,,,,,,,,,,,,,,,,,,,,,,,,,,,,,,,,,,,,,,,,,,,,,,,,,,,,
CASSLGLAGGETQYF,CASSWGLAGGETQYF,CASSWGLAGAETQYF,,,,,,,,,,,,,,,,,,,,,,,,,,,,,,,,,,,,,,,,,,,,,,,,,,,,,,,,,,,,,,,,
CASSPQGEDYGYTF,CASSPQGEGYGYTF,,,,,,,,,,,,,,,,,,,,,,,,,,,,,,,,,,,,,,,,,,,,,,,,,,,,,,,,,,,,,,,,,
CASSQQGLAKNIQYF,CASSSQGLAKNIQYF,,,,,,,,,,,,,,,,,,,,,,,,,,,,,,,,,,,,,,,,,,,,,,,,,,,,,,,,,,,,,,,,,
CASSQRQGALYEQYF,CASSQRQGSLYEQYF,,,,,,,,,,,,,,,,,,,,,,,,,,,,,,,,,,,,,,,,,,,,,,,,,,,,,,,,,,,,,,,,,
CASSLTRGANTGELFF,CASSLTRGINTGELFF,,,,,,,,,,,,,,,,,,,,,,,,,,,,,,,,,,,,,,,,,,,,,,,,,,,,,,,,,,,,,,,,,
CASSTSNSNQPQHF,CASSTSYSNQPQHF,CASSPSFSNQPQHF,CASSPSYSNQPQHF,CASIPSFSNQPQHF,,,,,,,,,,,,,,,,,,,,,,,,,,,,,,,,,,,,,,,,,,,,,,,,,,,,,,,,,,,,,,
CASRGGRNSGNTIYF,CASRTGRNSGNTIYF,,,,,,,,,,,,,,,,,,,,,,,,,,,,,,,,,,,,,,,,,,,,,,,,,,,,,,,,,,,,,,,,,
CASSLRGAGETQYF,CASSWRGAGETQYF,CASSLQGAGETQYF,CASSLQGIGETQYF,,,,,,,,,,,,,,,,,,,,,,,,,,,,,,,,,,,,,,,,,,,,,,,,,,,,,,,,,,,,,,,
CASSLSGGGGANQPQHF,CASSLSGGGGSNQPQHF,,,,,,,,,,,,,,,,,,,,,,,,,,,,,,,,,,,,,,,,,,,,,,,,,,,,,,,,,,,,,,,,,
CASSLGQASNQPQHF,CASSLGVASNQPQHF,CASSLGQYSNQPQHF,,,,,,,,,,,,,,,,,,,,,,,,,,,,,,,,,,,,,,,,,,,,,,,,,,,,,,,,,,,,,,,,
CASSPPGTGTYEQYF,CASSSPGTGTYEQYF,CASSSLGTGAYEQYF,CASSSPGTGAYEQYF,CASSSPGQGAYEQYF,,,,,,,,,,,,,,,,,,,,,,,,,,,,,,,,,,,,,,,,,,,,,,,,,,,,,,,,,,,,,,
CASSPRQGMNTEAFF,CASSPRQSMNTEAFF,,,,,,,,,,,,,,,,,,,,,,,,,,,,,,,,,,,,,,,,,,,,,,,,,,,,,,,,,,,,,,,,,
CASSGTSSGANVLTF,CASSSTSSGANVLTF,,,,,,,,,,,,,,,,,,,,,,,,,,,,,,,,,,,,,,,,,,,,,,,,,,,,,,,,,,,,,,,,,
CAWLRGRGIYGYTF,CAWRRGRGIYGYTF,CAWMRGRGIYGYTF,,,,,,,,,,,,,,,,,,,,,,,,,,,,,,,,,,,,,,,,,,,,,,,,,,,,,,,,,,,,,,,,
CASSFDRGNSPLHF,CASSPDRGNSPLHF,,,,,,,,,,,,,,,,,,,,,,,,,,,,,,,,,,,,,,,,,,,,,,,,,,,,,,,,,,,,,,,,,
CASSLGGAYNSPLHF,CASSLSGAYNSPLHF,,,,,,,,,,,,,,,,,,,,,,,,,,,,,,,,,,,,,,,,,,,,,,,,,,,,,,,,,,,,,,,,,
CASSLTGTGNEKLFF,CASSLYGTGNEKLFF,,,,,,,,,,,,,,,,,,,,,,,,,,,,,,,,,,,,,,,,,,,,,,,,,,,,,,,,,,,,,,,,,
CASSFGLAGTYEQYF,CASSLGLAGTYEQYF,CASSLGIAGTYEQYF,CASSLGLAGIYEQYF,,,,,,,,,,,,,,,,,,,,,,,,,,,,,,,,,,,,,,,,,,,,,,,,,,,,,,,,,,,,,,,
CASSGDGSNYGYTF,CASSPDGSNYGYTF,,,,,,,,,,,,,,,,,,,,,,,,,,,,,,,,,,,,,,,,,,,,,,,,,,,,,,,,,,,,,,,,,
CASSQEGSGSSYEQYF,CASSQETSGSSYEQYF,,,,,,,,,,,,,,,,,,,,,,,,,,,,,,,,,,,,,,,,,,,,,,,,,,,,,,,,,,,,,,,,,
CASSDRGSNQPQHF,CASSQRGSNQPQHF,CASSSRGSNQPQHF,CASSQLGSNQPQHF,,,,,,,,,,,,,,,,,,,,,,,,,,,,,,,,,,,,,,,,,,,,,,,,,,,,,,,,,,,,,,,
CASSADSYSNQPQHF,CASSAGSYSNQPQHF,CASSQDSYSNQPQHF,,,,,,,,,,,,,,,,,,,,,,,,,,,,,,,,,,,,,,,,,,,,,,,,,,,,,,,,,,,,,,,,
CASSLEGQGNQPQHF,CASSLNGQGNQPQHF,,,,,,,,,,,,,,,,,,,,,,,,,,,,,,,,,,,,,,,,,,,,,,,,,,,,,,,,,,,,,,,,,
CASSFEEGMNTEAFF,CASSFGEGMNTEAFF,,,,,,,,,,,,,,,,,,,,,,,,,,,,,,,,,,,,,,,,,,,,,,,,,,,,,,,,,,,,,,,,,
CASSTPGTVYEQYF,CASSVPGTVYEQYF,,,,,,,,,,,,,,,,,,,,,,,,,,,,,,,,,,,,,,,,,,,,,,,,,,,,,,,,,,,,,,,,,
CASSLGRGNQPQHF,CASSLGRRNQPQHF,CASSLGQGNQPQHF,,,,,,,,,,,,,,,,,,,,,,,,,,,,,,,,,,,,,,,,,,,,,,,,,,,,,,,,,,,,,,,,
CASSLTGGNQPQHF,CASSLTGLNQPQHF,CASSDTGGNQPQHF,CASSGTGGNQPQHF,CASSDVGGNQPQHF,CASSLTGINQPQHF,,,,,,,,,,,,,,,,,,,,,,,,,,,,,,,,,,,,,,,,,,,,,,,,,,,,,,,,,,,,,
CASSRVGASTDTQYF,CASSVVGASTDTQYF,,,,,,,,,,,,,,,,,,,,,,,,,,,,,,,,,,,,,,,,,,,,,,,,,,,,,,,,,,,,,,,,,
CASSLGTLSGANVLTF,CASSLGTVSGANVLTF,CASSLSTVSGANVLTF,,,,,,,,,,,,,,,,,,,,,,,,,,,,,,,,,,,,,,,,,,,,,,,,,,,,,,,,,,,,,,,,
CASSLGATGREKLFF,CASSLGGTGREKLFF,CASSLGGTGGEKLFF,,,,,,,,,,,,,,,,,,,,,,,,,,,,,,,,,,,,,,,,,,,,,,,,,,,,,,,,,,,,,,,,
CAGSLPGSTDTQYF,CASSLPGSTDTQYF,CASSLTGSTDTQYF,,,,,,,,,,,,,,,,,,,,,,,,,,,,,,,,,,,,,,,,,,,,,,,,,,,,,,,,,,,,,,,,
CASSLVPGAYEQYF,CASSLVPGDYEQYF,CASSLVPGTYEQYF,CASSLEPGAYEQYF,,,,,,,,,,,,,,,,,,,,,,,,,,,,,,,,,,,,,,,,,,,,,,,,,,,,,,,,,,,,,,,
CASSAQGLGANVLTF,CASSLQGLGANVLTF,,,,,,,,,,,,,,,,,,,,,,,,,,,,,,,,,,,,,,,,,,,,,,,,,,,,,,,,,,,,,,,,,
CASSLRQGAFGYTF,CASSLRQGARGYTF,,,,,,,,,,,,,,,,,,,,,,,,,,,,,,,,,,,,,,,,,,,,,,,,,,,,,,,,,,,,,,,,,
CASSLGGGYSGNTIYF,CASSLGLGYSGNTIYF,,,,,,,,,,,,,,,,,,,,,,,,,,,,,,,,,,,,,,,,,,,,,,,,,,,,,,,,,,,,,,,,,
CASSIGRVGNQPQHF,CASSMGRVGNQPQHF,,,,,,,,,,,,,,,,,,,,,,,,,,,,,,,,,,,,,,,,,,,,,,,,,,,,,,,,,,,,,,,,,
CASSIGTATNEKLFF,CASSTGTATNEKLFF,CASSIGTSTNEKLFF,,,,,,,,,,,,,,,,,,,,,,,,,,,,,,,,,,,,,,,,,,,,,,,,,,,,,,,,,,,,,,,,
CASRLGQGTDTQYF,CASRPGQGTDTQYF,,,,,,,,,,,,,,,,,,,,,,,,,,,,,,,,,,,,,,,,,,,,,,,,,,,,,,,,,,,,,,,,,
CASSELAGGSYEQYF,CASSEWAGGSYEQYF,,,,,,,,,,,,,,,,,,,,,,,,,,,,,,,,,,,,,,,,,,,,,,,,,,,,,,,,,,,,,,,,,
CASSSGTPNTGELFF,CASSSGTVNTGELFF,,,,,,,,,,,,,,,,,,,,,,,,,,,,,,,,,,,,,,,,,,,,,,,,,,,,,,,,,,,,,,,,,
CASSLEGLAGVINEQFF,CASSLEGLAGVLNEQFF,,,,,,,,,,,,,,,,,,,,,,,,,,,,,,,,,,,,,,,,,,,,,,,,,,,,,,,,,,,,,,,,,
CASSRDGYSNQPQHF,CASSWDGYSNQPQHF,,,,,,,,,,,,,,,,,,,,,,,,,,,,,,,,,,,,,,,,,,,,,,,,,,,,,,,,,,,,,,,,,
CASSGWTGANQPQHF,CASSGWTGGNQPQHF,,,,,,,,,,,,,,,,,,,,,,,,,,,,,,,,,,,,,,,,,,,,,,,,,,,,,,,,,,,,,,,,,
CASSLSPGAATEAFF,CASSLSPGANTEAFF,,,,,,,,,,,,,,,,,,,,,,,,,,,,,,,,,,,,,,,,,,,,,,,,,,,,,,,,,,,,,,,,,
CASREDRVSNQPQHF,CASRIDRVSNQPQHF,,,,,,,,,,,,,,,,,,,,,,,,,,,,,,,,,,,,,,,,,,,,,,,,,,,,,,,,,,,,,,,,,
CASSPGPTNYGYTF,CASSPGTTNYGYTF,CASSLDTTNYGYTF,CASSLGTTNYGYTF,CASSLGTGNYGYTF,CASSLGTGSYGYTF,CASSPGPENYGYTF,CASSLDTYNYGYTF,CASSLGTANYGYTF,,,,,,,,,,,,,,,,,,,,,,,,,,,,,,,,,,,,,,,,,,,,,,,,,,,,,,,,,,
CASSVEAGWNTEAFF,CASSVEQGWNTEAFF,,,,,,,,,,,,,,,,,,,,,,,,,,,,,,,,,,,,,,,,,,,,,,,,,,,,,,,,,,,,,,,,,
CARSPGGGDMNTEAFF,CASSPGGGDMNTEAFF,,,,,,,,,,,,,,,,,,,,,,,,,,,,,,,,,,,,,,,,,,,,,,,,,,,,,,,,,,,,,,,,,
CASSKGYSNQPQHF,CASSQGYSNQPQHF,,,,,,,,,,,,,,,,,,,,,,,,,,,,,,,,,,,,,,,,,,,,,,,,,,,,,,,,,,,,,,,,,
CASSLGLAGGNEQFF,CASSLGLAGYNEQFF,CASSLGLAGDNEQFF,CASSTGLAGDNEQFF,,,,,,,,,,,,,,,,,,,,,,,,,,,,,,,,,,,,,,,,,,,,,,,,,,,,,,,,,,,,,,,
CASSLALAGGPQDTQYF,CASSLALAGGPQETQYF,,,,,,,,,,,,,,,,,,,,,,,,,,,,,,,,,,,,,,,,,,,,,,,,,,,,,,,,,,,,,,,,,
CASSPGQGRGETQYF,CASSPRQGRGETQYF,CASSPGQGQGETQYF,,,,,,,,,,,,,,,,,,,,,,,,,,,,,,,,,,,,,,,,,,,,,,,,,,,,,,,,,,,,,,,,
CASSTLRGTNEKLFF,CASSTNRGTNEKLFF,,,,,,,,,,,,,,,,,,,,,,,,,,,,,,,,,,,,,,,,,,,,,,,,,,,,,,,,,,,,,,,,,
CASSPGQADYGYTF,CASSPGQATYGYTF,CASSPGTATYGYTF,,,,,,,,,,,,,,,,,,,,,,,,,,,,,,,,,,,,,,,,,,,,,,,,,,,,,,,,,,,,,,,,
CAWSVSGGGQPQHF,CAWSVSLGGQPQHF,,,,,,,,,,,,,,,,,,,,,,,,,,,,,,,,,,,,,,,,,,,,,,,,,,,,,,,,,,,,,,,,,
CASSRRDRRDYGYTF,CASSRRDRVDYGYTF,,,,,,,,,,,,,,,,,,,,,,,,,,,,,,,,,,,,,,,,,,,,,,,,,,,,,,,,,,,,,,,,,
CASSGGTGGYNEQFF,CASSSGTGGYNEQFF,,,,,,,,,,,,,,,,,,,,,,,,,,,,,,,,,,,,,,,,,,,,,,,,,,,,,,,,,,,,,,,,,
CASSPKGGNTGELFF,CASSPSGGNTGELFF,,,,,,,,,,,,,,,,,,,,,,,,,,,,,,,,,,,,,,,,,,,,,,,,,,,,,,,,,,,,,,,,,
CASSLAGGTMNTEAFF,CASSLAGPTMNTEAFF,,,,,,,,,,,,,,,,,,,,,,,,,,,,,,,,,,,,,,,,,,,,,,,,,,,,,,,,,,,,,,,,,
CASSPPTGAGTEAFF,CASSPPTGARTEAFF,CASSPPTGRGTEAFF,,,,,,,,,,,,,,,,,,,,,,,,,,,,,,,,,,,,,,,,,,,,,,,,,,,,,,,,,,,,,,,,
CASSSGTGDYGYTF,CASSSGTGPYGYTF,,,,,,,,,,,,,,,,,,,,,,,,,,,,,,,,,,,,,,,,,,,,,,,,,,,,,,,,,,,,,,,,,
CASSKDRNSNQPQHF,CASSKDRTSNQPQHF,CASSLDRNSNQPQHF,,,,,,,,,,,,,,,,,,,,,,,,,,,,,,,,,,,,,,,,,,,,,,,,,,,,,,,,,,,,,,,,
CASSLGPTTYEQYF,CASSLGRTTYEQYF,CASSLARTTYEQYF,,,,,,,,,,,,,,,,,,,,,,,,,,,,,,,,,,,,,,,,,,,,,,,,,,,,,,,,,,,,,,,,
CASSLAGGPYNEQFF,CASSQAGGPYNEQFF,,,,,,,,,,,,,,,,,,,,,,,,,,,,,,,,,,,,,,,,,,,,,,,,,,,,,,,,,,,,,,,,,
CASSPSLTGYEQYF,CASSPSSTGYEQYF,,,,,,,,,,,,,,,,,,,,,,,,,,,,,,,,,,,,,,,,,,,,,,,,,,,,,,,,,,,,,,,,,
CASSSPSGGATDTQYF,CASSSPSGGGTDTQYF,,,,,,,,,,,,,,,,,,,,,,,,,,,,,,,,,,,,,,,,,,,,,,,,,,,,,,,,,,,,,,,,,
CASSPAGGGNTGELFF,CASSPGGGGNTGELFF,,,,,,,,,,,,,,,,,,,,,,,,,,,,,,,,,,,,,,,,,,,,,,,,,,,,,,,,,,,,,,,,,
CASSFGSGDQPQHF,CASSLGSGDQPQHF,,,,,,,,,,,,,,,,,,,,,,,,,,,,,,,,,,,,,,,,,,,,,,,,,,,,,,,,,,,,,,,,,
CARSRLRPSGGALGELFF,CASSRLRPSGGALGELFF,,,,,,,,,,,,,,,,,,,,,,,,,,,,,,,,,,,,,,,,,,,,,,,,,,,,,,,,,,,,,,,,,
CASSLQASNQPQHF,CASSLQNSNQPQHF,,,,,,,,,,,,,,,,,,,,,,,,,,,,,,,,,,,,,,,,,,,,,,,,,,,,,,,,,,,,,,,,,
CASSLVQGSGNTIYF,CASSLVVGSGNTIYF,,,,,,,,,,,,,,,,,,,,,,,,,,,,,,,,,,,,,,,,,,,,,,,,,,,,,,,,,,,,,,,,,
CASRRGFGDQPQHF,CASRRGQGDQPQHF,CASSRGQGDQPQHF,,,,,,,,,,,,,,,,,,,,,,,,,,,,,,,,,,,,,,,,,,,,,,,,,,,,,,,,,,,,,,,,
CASSLDRGAYNEQFF,CASSSDRGAYNEQFF,,,,,,,,,,,,,,,,,,,,,,,,,,,,,,,,,,,,,,,,,,,,,,,,,,,,,,,,,,,,,,,,,
CASSLIAGGSTDTQYF,CASSLIGGGSTDTQYF,,,,,,,,,,,,,,,,,,,,,,,,,,,,,,,,,,,,,,,,,,,,,,,,,,,,,,,,,,,,,,,,,
CASSLAGTSGGGGTGELFF,CASSLAGTSGVGGTGELFF,,,,,,,,,,,,,,,,,,,,,,,,,,,,,,,,,,,,,,,,,,,,,,,,,,,,,,,,,,,,,,,,,
CANSTGQGGNYGYTF,CASSTGQGGNYGYTF,,,,,,,,,,,,,,,,,,,,,,,,,,,,,,,,,,,,,,,,,,,,,,,,,,,,,,,,,,,,,,,,,
CASSLGDSGANVLTF,CASSPGDSGANVLTF,CASSLGSSGANVLTF,CASSLGISGANVLTF,CASSLQSSGANVLTF,,,,,,,,,,,,,,,,,,,,,,,,,,,,,,,,,,,,,,,,,,,,,,,,,,,,,,,,,,,,,,
CASRPGLAGAYEQYF,CASRPGLAGSYEQYF,,,,,,,,,,,,,,,,,,,,,,,,,,,,,,,,,,,,,,,,,,,,,,,,,,,,,,,,,,,,,,,,,
CASSLAPFGDGGTGELFF,CASSLAPFGGGGTGELFF,,,,,,,,,,,,,,,,,,,,,,,,,,,,,,,,,,,,,,,,,,,,,,,,,,,,,,,,,,,,,,,,,
CASSIDGISYNEQFF,CASSIDGQSYNEQFF,,,,,,,,,,,,,,,,,,,,,,,,,,,,,,,,,,,,,,,,,,,,,,,,,,,,,,,,,,,,,,,,,
CASSFGDGNTGELFF,CASSRGDGNTGELFF,,,,,,,,,,,,,,,,,,,,,,,,,,,,,,,,,,,,,,,,,,,,,,,,,,,,,,,,,,,,,,,,,
CASSLGEAGNQPQHF,CASSLGWAGNQPQHF,,,,,,,,,,,,,,,,,,,,,,,,,,,,,,,,,,,,,,,,,,,,,,,,,,,,,,,,,,,,,,,,,
CASSLQGARGDEQFF,CASSLQGARGNEQFF,,,,,,,,,,,,,,,,,,,,,,,,,,,,,,,,,,,,,,,,,,,,,,,,,,,,,,,,,,,,,,,,,
CASSPRTGANYGYTF,CASSSRTGANYGYTF,,,,,,,,,,,,,,,,,,,,,,,,,,,,,,,,,,,,,,,,,,,,,,,,,,,,,,,,,,,,,,,,,
CASSLGANSGNTIYF,CASSLRANSGNTIYF,,,,,,,,,,,,,,,,,,,,,,,,,,,,,,,,,,,,,,,,,,,,,,,,,,,,,,,,,,,,,,,,,
CASSIGLAGGGETQYF,CASSPGLAGGGETQYF,,,,,,,,,,,,,,,,,,,,,,,,,,,,,,,,,,,,,,,,,,,,,,,,,,,,,,,,,,,,,,,,,
CASSPAGYRGRNYGYTF,CASSSAGYRGRNYGYTF,,,,,,,,,,,,,,,,,,,,,,,,,,,,,,,,,,,,,,,,,,,,,,,,,,,,,,,,,,,,,,,,,
CASSLDRANQPQHF,CASSQDRANQPQHF,CASSQDRSNQPQHF,,,,,,,,,,,,,,,,,,,,,,,,,,,,,,,,,,,,,,,,,,,,,,,,,,,,,,,,,,,,,,,,
CASSPGTSGGDTQYF,CASSPGTSGGETQYF,,,,,,,,,,,,,,,,,,,,,,,,,,,,,,,,,,,,,,,,,,,,,,,,,,,,,,,,,,,,,,,,,
CSARGDSGSYEQYF,CSARGTSGSYEQYF,,,,,,,,,,,,,,,,,,,,,,,,,,,,,,,,,,,,,,,,,,,,,,,,,,,,,,,,,,,,,,,,,
CASSLTGGEDTQYF,CASSLTGGKDTQYF,,,,,,,,,,,,,,,,,,,,,,,,,,,,,,,,,,,,,,,,,,,,,,,,,,,,,,,,,,,,,,,,,
CASSPQGGAYEQYF,CASSPWGGAYEQYF,,,,,,,,,,,,,,,,,,,,,,,,,,,,,,,,,,,,,,,,,,,,,,,,,,,,,,,,,,,,,,,,,
CASSLSSGAGNTIYF,CASSLSSGSGNTIYF,,,,,,,,,,,,,,,,,,,,,,,,,,,,,,,,,,,,,,,,,,,,,,,,,,,,,,,,,,,,,,,,,
CASSIQGMNQPQHF,CASSIQGYNQPQHF,,,,,,,,,,,,,,,,,,,,,,,,,,,,,,,,,,,,,,,,,,,,,,,,,,,,,,,,,,,,,,,,,
CASSHGQGLNTEAFF,CASSLGQGLNTEAFF,,,,,,,,,,,,,,,,,,,,,,,,,,,,,,,,,,,,,,,,,,,,,,,,,,,,,,,,,,,,,,,,,
CASSYQGGAGDGYTF,CASSYQGGSGDGYTF,CASSYHGGAGDGYTF,,,,,,,,,,,,,,,,,,,,,,,,,,,,,,,,,,,,,,,,,,,,,,,,,,,,,,,,,,,,,,,,
CAISAGGRPGNTGELFF,CAISEGGRPGNTGELFF,,,,,,,,,,,,,,,,,,,,,,,,,,,,,,,,,,,,,,,,,,,,,,,,,,,,,,,,,,,,,,,,,
CASSLDRGTRETQYF,CASSPDRGTRETQYF,,,,,,,,,,,,,,,,,,,,,,,,,,,,,,,,,,,,,,,,,,,,,,,,,,,,,,,,,,,,,,,,,
CATRRATGGYEQYF,CATSRATGGYEQYF,,,,,,,,,,,,,,,,,,,,,,,,,,,,,,,,,,,,,,,,,,,,,,,,,,,,,,,,,,,,,,,,,
CASSAWMGGTNTGELFF,CASSAWRGGTNTGELFF,,,,,,,,,,,,,,,,,,,,,,,,,,,,,,,,,,,,,,,,,,,,,,,,,,,,,,,,,,,,,,,,,
CASSSGQTLNTEAFF,CASSSGQVLNTEAFF,,,,,,,,,,,,,,,,,,,,,,,,,,,,,,,,,,,,,,,,,,,,,,,,,,,,,,,,,,,,,,,,,
CASSGGTVNQPQHF,CASTGGTVNQPQHF,,,,,,,,,,,,,,,,,,,,,,,,,,,,,,,,,,,,,,,,,,,,,,,,,,,,,,,,,,,,,,,,,
CASSQGRPESNQPQHF,CASSQGRPGSNQPQHF,,,,,,,,,,,,,,,,,,,,,,,,,,,,,,,,,,,,,,,,,,,,,,,,,,,,,,,,,,,,,,,,,
CASSLSGGTSTDTQYF,CASSLVGGTSTDTQYF,,,,,,,,,,,,,,,,,,,,,,,,,,,,,,,,,,,,,,,,,,,,,,,,,,,,,,,,,,,,,,,,,
CSASHGNGNQPQHF,CSASSGNGNQPQHF,,,,,,,,,,,,,,,,,,,,,,,,,,,,,,,,,,,,,,,,,,,,,,,,,,,,,,,,,,,,,,,,,
CASSLGSAGYGYTF,CASSLGSGGYGYTF,,,,,,,,,,,,,,,,,,,,,,,,,,,,,,,,,,,,,,,,,,,,,,,,,,,,,,,,,,,,,,,,,
CARSQGRRQRGGDGELFF,CASSQGRRQRGGDGELFF,,,,,,,,,,,,,,,,,,,,,,,,,,,,,,,,,,,,,,,,,,,,,,,,,,,,,,,,,,,,,,,,,
CASSPPLLAGELYEQYF,CASSPPPLAGELYEQYF,,,,,,,,,,,,,,,,,,,,,,,,,,,,,,,,,,,,,,,,,,,,,,,,,,,,,,,,,,,,,,,,,
CASSLFGGASYNEQFF,CASSLFGGSSYNEQFF,,,,,,,,,,,,,,,,,,,,,,,,,,,,,,,,,,,,,,,,,,,,,,,,,,,,,,,,,,,,,,,,,
CSARDRTSGIYEQYF,CSARDRTSGLYEQYF,CSARDRTSGSYEQYF,,,,,,,,,,,,,,,,,,,,,,,,,,,,,,,,,,,,,,,,,,,,,,,,,,,,,,,,,,,,,,,,
CASSLSGNTDTQYF,CASSLSGVTDTQYF,CASSLSGHTDTQYF,,,,,,,,,,,,,,,,,,,,,,,,,,,,,,,,,,,,,,,,,,,,,,,,,,,,,,,,,,,,,,,,
CASSLEGGMNTEAFF,CASSLERGMNTEAFF,,,,,,,,,,,,,,,,,,,,,,,,,,,,,,,,,,,,,,,,,,,,,,,,,,,,,,,,,,,,,,,,,
CASSESPSGRAYEQYF,CASSESSSGRAYEQYF,,,,,,,,,,,,,,,,,,,,,,,,,,,,,,,,,,,,,,,,,,,,,,,,,,,,,,,,,,,,,,,,,
CSARDRGGGRANYGYTF,CSARDRGWGRANYGYTF,,,,,,,,,,,,,,,,,,,,,,,,,,,,,,,,,,,,,,,,,,,,,,,,,,,,,,,,,,,,,,,,,
CASRGQGSSYEQYF,CASRGQGSVYEQYF,,,,,,,,,,,,,,,,,,,,,,,,,,,,,,,,,,,,,,,,,,,,,,,,,,,,,,,,,,,,,,,,,
CASSQLGTGPSYEQYF,CASSQLGTGRSYEQYF,,,,,,,,,,,,,,,,,,,,,,,,,,,,,,,,,,,,,,,,,,,,,,,,,,,,,,,,,,,,,,,,,
CASSYSAGIYEQYF,CASSYSAGYYEQYF,,,,,,,,,,,,,,,,,,,,,,,,,,,,,,,,,,,,,,,,,,,,,,,,,,,,,,,,,,,,,,,,,
CASSLAHGNQPQHF,CASSLQHGNQPQHF,,,,,,,,,,,,,,,,,,,,,,,,,,,,,,,,,,,,,,,,,,,,,,,,,,,,,,,,,,,,,,,,,
CASSQTGLFWDTIYF,CASSRTGLFWDTIYF,,,,,,,,,,,,,,,,,,,,,,,,,,,,,,,,,,,,,,,,,,,,,,,,,,,,,,,,,,,,,,,,,
CASSLPGSSYNSPLHF,CASSPPGSSYNSPLHF,,,,,,,,,,,,,,,,,,,,,,,,,,,,,,,,,,,,,,,,,,,,,,,,,,,,,,,,,,,,,,,,,
CASSESGTAYGYTF,CASSESGTVYGYTF,,,,,,,,,,,,,,,,,,,,,,,,,,,,,,,,,,,,,,,,,,,,,,,,,,,,,,,,,,,,,,,,,
CASSATSGGTDTQYF,CASSRTSGGTDTQYF,,,,,,,,,,,,,,,,,,,,,,,,,,,,,,,,,,,,,,,,,,,,,,,,,,,,,,,,,,,,,,,,,
CASSSDGIMNTEAFF,CASSSRGIMNTEAFF,,,,,,,,,,,,,,,,,,,,,,,,,,,,,,,,,,,,,,,,,,,,,,,,,,,,,,,,,,,,,,,,,
CASSPGGGMNTEAFF,CASSPGLGMNTEAFF,,,,,,,,,,,,,,,,,,,,,,,,,,,,,,,,,,,,,,,,,,,,,,,,,,,,,,,,,,,,,,,,,
CASSPLAASTDTQYF,CASSPLADSTDTQYF,,,,,,,,,,,,,,,,,,,,,,,,,,,,,,,,,,,,,,,,,,,,,,,,,,,,,,,,,,,,,,,,,
CASSHGTGASYGYTF,CASSYGTGASYGYTF,,,,,,,,,,,,,,,,,,,,,,,,,,,,,,,,,,,,,,,,,,,,,,,,,,,,,,,,,,,,,,,,,
CASSGGLGNQPQHF,CASSTGLGNQPQHF,,,,,,,,,,,,,,,,,,,,,,,,,,,,,,,,,,,,,,,,,,,,,,,,,,,,,,,,,,,,,,,,,
CASSLEGTGYNEQFF,CASSLPGTGYNEQFF,,,,,,,,,,,,,,,,,,,,,,,,,,,,,,,,,,,,,,,,,,,,,,,,,,,,,,,,,,,,,,,,,
CASSELAGGPDTQYF,CASSELAGGSDTQYF,,,,,,,,,,,,,,,,,,,,,,,,,,,,,,,,,,,,,,,,,,,,,,,,,,,,,,,,,,,,,,,,,
CASSLDGGTNEKLFF,CASSLEGGTNEKLFF,,,,,,,,,,,,,,,,,,,,,,,,,,,,,,,,,,,,,,,,,,,,,,,,,,,,,,,,,,,,,,,,,
CASSGQGRNQPQHF,CASSGQGRSQPQHF,,,,,,,,,,,,,,,,,,,,,,,,,,,,,,,,,,,,,,,,,,,,,,,,,,,,,,,,,,,,,,,,,
CASSLTGSGQPQHF,CASSLTGSVQPQHF,,,,,,,,,,,,,,,,,,,,,,,,,,,,,,,,,,,,,,,,,,,,,,,,,,,,,,,,,,,,,,,,,
CAISEGADIFGYTF,CTISEGADIFGYTF,,,,,,,,,,,,,,,,,,,,,,,,,,,,,,,,,,,,,,,,,,,,,,,,,,,,,,,,,,,,,,,,,
CASSPDQTRQPQHF,CASSSDQTRQPQHF,,,,,,,,,,,,,,,,,,,,,,,,,,,,,,,,,,,,,,,,,,,,,,,,,,,,,,,,,,,,,,,,,
CASRRTGRNQPQHF,CASRTTGRNQPQHF,,,,,,,,,,,,,,,,,,,,,,,,,,,,,,,,,,,,,,,,,,,,,,,,,,,,,,,,,,,,,,,,,
CASSLEGPGGGTDTQYF,CASSLEVPGGGTDTQYF,,,,,,,,,,,,,,,,,,,,,,,,,,,,,,,,,,,,,,,,,,,,,,,,,,,,,,,,,,,,,,,,,
CASSFGGGSYEQYF,CASSYGGGSYEQYF,,,,,,,,,,,,,,,,,,,,,,,,,,,,,,,,,,,,,,,,,,,,,,,,,,,,,,,,,,,,,,,,,
CASSDSGSSYNEQFF,CASSISGSSYNEQFF,,,,,,,,,,,,,,,,,,,,,,,,,,,,,,,,,,,,,,,,,,,,,,,,,,,,,,,,,,,,,,,,,
CASSFTGGASYEQYF,CASSFTGGLSYEQYF,CASSFSGGLSYEQYF,,,,,,,,,,,,,,,,,,,,,,,,,,,,,,,,,,,,,,,,,,,,,,,,,,,,,,,,,,,,,,,,
CASRETGTGNTEAFF,CASRRTGTGNTEAFF,,,,,,,,,,,,,,,,,,,,,,,,,,,,,,,,,,,,,,,,,,,,,,,,,,,,,,,,,,,,,,,,,
CASSYPGGANTGELFF,CASSYPGGPNTGELFF,,,,,,,,,,,,,,,,,,,,,,,,,,,,,,,,,,,,,,,,,,,,,,,,,,,,,,,,,,,,,,,,,
CASSLGAALNTEAFF,CASSLGAWLNTEAFF,,,,,,,,,,,,,,,,,,,,,,,,,,,,,,,,,,,,,,,,,,,,,,,,,,,,,,,,,,,,,,,,,
CASSVKSSGANVLTF,CASSVLSSGANVLTF,,,,,,,,,,,,,,,,,,,,,,,,,,,,,,,,,,,,,,,,,,,,,,,,,,,,,,,,,,,,,,,,,
CASSFRSGSSYEQYF,CASSFVSGSSYEQYF,,,,,,,,,,,,,,,,,,,,,,,,,,,,,,,,,,,,,,,,,,,,,,,,,,,,,,,,,,,,,,,,,
CASSLGGTGAWDMQYF,CASSLGGTGAWDTQYF,,,,,,,,,,,,,,,,,,,,,,,,,,,,,,,,,,,,,,,,,,,,,,,,,,,,,,,,,,,,,,,,,
CASSYLSTNQPQHF,CASSYSSTNQPQHF,,,,,,,,,,,,,,,,,,,,,,,,,,,,,,,,,,,,,,,,,,,,,,,,,,,,,,,,,,,,,,,,,
CASSYGQGTDTQYF,CASSYGTGTDTQYF,,,,,,,,,,,,,,,,,,,,,,,,,,,,,,,,,,,,,,,,,,,,,,,,,,,,,,,,,,,,,,,,,
CASSQGSSHSNQPQHF,CASSQGSTHSNQPQHF,,,,,,,,,,,,,,,,,,,,,,,,,,,,,,,,,,,,,,,,,,,,,,,,,,,,,,,,,,,,,,,,,
CSARDRGGLGNSPLHF,CSARDRQGLGNSPLHF,,,,,,,,,,,,,,,,,,,,,,,,,,,,,,,,,,,,,,,,,,,,,,,,,,,,,,,,,,,,,,,,,
CASSLKGNTEAFF,CASSLKGRTEAFF,CASSLQGNTEAFF,CASSLTGNTEAFF,CASSFTGNTEAFF,CASSLAGLTEAFF,CASSLAGYTEAFF,CASSETGNTEAFF,CASSRTGNTEAFF,CASSLGGNTEAFF,CASSLGQNTEAFF,CASSRQGNTEAFF,CASSQGGNTEAFF,CASSWGGNTEAFF,CASSLLMNTEAFF,CASSLQMNTEAFF,CASSRPGNTEAFF,CASSSAGYTEAFF,CASTSAGYTEAFF,CASSFQVNTEAFF,CASSLQVNTEAFF,CASSLIGNTEAFF,CASSLPGNTEAFF,CASSWGRNTEAFF,CASSLTGDTEAFF,CASSSTGNTEAFF,CASSSTQNTEAFF,CASSLLGNTEAFF,CASSSYGNTEAFF,CAWSVQGNTEAFF,CAWSVQVNTEAFF,CASSLQKNTEAFF,CASSFAPNTEAFF,CASSQAPNTEAFF,CASSQGPNTEAFF,CASSVGPNTEAFF,CASSRSGNTEAFF,CASSYSGNTEAFF,CASSQGQNTEAFF,CASSWGENTEAFF,CASSWGFNTEAFF,CASSLEVNTEAFF,CASSLGVNTEAFF,CASSSQGDTEAFF,CASSSQGYTEAFF,CASSPGGYTEAFF,CASSPGQYTEAFF,CASSSTGRTEAFF,CASSLSMNTEAFF,CASSYGGNTEAFF,CASSRQGYTEAFF,CASSLEPNTEAFF,CASSRSENTEAFF,CASSSQGNTEAFF,CASSRQENTEAFF,CASSEQGDTEAFF,CASSQGGYTEAFF,CASSLQGSTEAFF,CAWSLQGNTEAFF,CASSRTGGTEAFF,CASSLEVTTEAFF,CASSLQKTTEAFF,CASSPGGGTEAFF,CASSPGQGTEAFF,CASSLSSNTEAFF,CASSETGETEAFF,CASSYGGDTEAFF
CASSADRGQETQYF,CASSAYRGQETQYF,,,,,,,,,,,,,,,,,,,,,,,,,,,,,,,,,,,,,,,,,,,,,,,,,,,,,,,,,,,,,,,,,
CASRRDQNTEAFF,CASRRDTNTEAFF,,,,,,,,,,,,,,,,,,,,,,,,,,,,,,,,,,,,,,,,,,,,,,,,,,,,,,,,,,,,,,,,,
CASSAGYGYTF,CASSANYGYTF,,,,,,,,,,,,,,,,,,,,,,,,,,,,,,,,,,,,,,,,,,,,,,,,,,,,,,,,,,,,,,,,,
CASSFSRDEQFF,CASSFSSDEQFF,,,,,,,,,,,,,,,,,,,,,,,,,,,,,,,,,,,,,,,,,,,,,,,,,,,,,,,,,,,,,,,,,
CASSAGTNYGYTF,CASSVGTNYGYTF,,,,,,,,,,,,,,,,,,,,,,,,,,,,,,,,,,,,,,,,,,,,,,,,,,,,,,,,,,,,,,,,,
CASSPQGNTIYF,CASSPSGNTIYF,,,,,,,,,,,,,,,,,,,,,,,,,,,,,,,,,,,,,,,,,,,,,,,,,,,,,,,,,,,,,,,,,
CASSMGSYGYTF,CASSPGSYGYTF,CASSVGSYGYTF,CASSVGVYGYTF,CASSPGGYGYTF,,,,,,,,,,,,,,,,,,,,,,,,,,,,,,,,,,,,,,,,,,,,,,,,,,,,,,,,,,,,,,
CASSLGQLNTEAFF,CASSLGYLNTEAFF,CASSLGLGDTEAFF,CASSLGLGNTEAFF,CASSLRRANTEAFF,CASSLRRMNTEAFF,CASSLQRMNTEAFF,CASSLVGGITEAFF,CASSLVGGNTEAFF,CASSLGQMNTEAFF,CASSPGQMNTEAFF,CASSPGQLNTEAFF,CASSPGQRNTEAFF,CASSLAGGDTEAFF,CASSLAGGNTEAFF,CASSLRRTNTEAFF,CASSPQGMNTEAFF,CASSVQGMNTEAFF,CASSLQGLDTEAFF,CASSLQGLNTEAFF,CASSLGQTNTEAFF,CASSLQGMNTEAFF,CASSLSGMNTEAFF,CASSLAGLNTEAFF,CASSLGEGNTEAFF,CASSLGYGNTEAFF,CASSLGGDNTEAFF,CASSLGGMNTEAFF,CASSEQGMNTEAFF,CASSPGRLNTEAFF,CASSLNGMNTEAFF,CASSLAGGSTEAFF,CASSLQGTNTEAFF,CASAPGQMNTEAFF,CASSLRLMNTEAFF,CASSLGSMNTEAFF,CASSQGSMNTEAFF,CASSLVFGNTEAFF,CASSAGGMNTEAFF,,,,,,,,,,,,,,,,,,,,,,,,,,,,
CASSLGHNSPLHF,CASSLGNNSPLHF,CASSLANNSPLHF,,,,,,,,,,,,,,,,,,,,,,,,,,,,,,,,,,,,,,,,,,,,,,,,,,,,,,,,,,,,,,,,
CASSQAGTKETQYF,CASSQAVTKETQYF,CASSQAGTRETQYF,,,,,,,,,,,,,,,,,,,,,,,,,,,,,,,,,,,,,,,,,,,,,,,,,,,,,,,,,,,,,,,,
CASSLGGGYEQYF,CASSLGNGYEQYF,CASSQTAGYEQYF,CASSQTQGYEQYF,CASSQGGGYEQYF,CASSQGGLYEQYF,CASSQGAGYEQYF,CASSLGGDYEQYF,CASSIGGGYEQYF,CASSINGGYEQYF,CASSIGPGYEQYF,CASSQTAYYEQYF,,,,,,,,,,,,,,,,,,,,,,,,,,,,,,,,,,,,,,,,,,,,,,,,,,,,,,,
CASSQNTGELFF,CASSQRTGELFF,,,,,,,,,,,,,,,,,,,,,,,,,,,,,,,,,,,,,,,,,,,,,,,,,,,,,,,,,,,,,,,,,
CSAQDSNQPQHF,CSAQYSNQPQHF,,,,,,,,,,,,,,,,,,,,,,,,,,,,,,,,,,,,,,,,,,,,,,,,,,,,,,,,,,,,,,,,,
CASSLGGTYNEQFF,CASSTGGTYNEQFF,CASSLAGTYNEQFF,CASSQAGIYNEQFF,CASSQAGSYNEQFF,CASSLAGSYNEQFF,CASSLRGSYNEQFF,,,,,,,,,,,,,,,,,,,,,,,,,,,,,,,,,,,,,,,,,,,,,,,,,,,,,,,,,,,,
CASSLALNTEAFF,CASSPALNTEAFF,CASSLAHNAEAFF,CASSLAHNTEAFF,CASSPELNTEAFF,CASSDVLNTEAFF,CASSPVLNTEAFF,CASSPAGNTEAFF,,,,,,,,,,,,,,,,,,,,,,,,,,,,,,,,,,,,,,,,,,,,,,,,,,,,,,,,,,,
CASSPRGANEKLFF,CASSPRGSNEKLFF,CASSPRGTNEKLFF,CASSPQGTNEKLFF,,,,,,,,,,,,,,,,,,,,,,,,,,,,,,,,,,,,,,,,,,,,,,,,,,,,,,,,,,,,,,,
CASSLRNTGELFF,CASSPRNTGELFF,CASSPPNTGELFF,CASSLGNTGELFF,CASSLGRTGELFF,CASSLGPGGELFF,CASSLGPTGELFF,CASSPSNTGELFF,CASSLEPTGELFF,CASSYPNTGELFF,CASSLENTGELFF,CASSPGPGGELFF,CASSLRQTGELFF,CASSLENSGELFF,,,,,,,,,,,,,,,,,,,,,,,,,,,,,,,,,,,,,,,,,,,,,,,,,,,,,
CASSSGPYNSPLHF,CASSTGPYNSPLHF,,,,,,,,,,,,,,,,,,,,,,,,,,,,,,,,,,,,,,,,,,,,,,,,,,,,,,,,,,,,,,,,,
CASSYTRVYNEQFF,CASSYTRVYNEQLF,,,,,,,,,,,,,,,,,,,,,,,,,,,,,,,,,,,,,,,,,,,,,,,,,,,,,,,,,,,,,,,,,
CASSVSTDTQYF,CASSVYTDTQYF,,,,,,,,,,,,,,,,,,,,,,,,,,,,,,,,,,,,,,,,,,,,,,,,,,,,,,,,,,,,,,,,,
CASSLGANYGYTF,CASSLGGNYGYTF,CASSLGGSYGYTF,CASSLGGYYGYTF,CASSLAGNYGYTF,CASSMGGSYGYTF,CASSLVGNYGYTF,CASSLAAGYGYTF,CASSLAEGYGYTF,CASSVGGYYGYTF,CASSLAGFYGYTF,CASSLAGGYGYTF,CASSMTGSYGYTF,CARSLGGNYGYTF,CASSMGRSYGYTF,CASSLPGSYGYTF,,,,,,,,,,,,,,,,,,,,,,,,,,,,,,,,,,,,,,,,,,,,,,,,,,,
CASSSTPNEQFF,CASSSTVNEQFF,CASSSTYNEQFF,CASDSTYNEQFF,CASSSAYNEQFF,,,,,,,,,,,,,,,,,,,,,,,,,,,,,,,,,,,,,,,,,,,,,,,,,,,,,,,,,,,,,,
CSARDRGDYEQYF,CSARDRGRYEQYF,,,,,,,,,,,,,,,,,,,,,,,,,,,,,,,,,,,,,,,,,,,,,,,,,,,,,,,,,,,,,,,,,
CASSRDYQETQYF,CASSRKYQETQYF,CASSRDRQETQYF,CASSADYQETQYF,,,,,,,,,,,,,,,,,,,,,,,,,,,,,,,,,,,,,,,,,,,,,,,,,,,,,,,,,,,,,,,
CASSHLYEQYF,CASSHNYEQYF,CASSHRYEQYF,CASSLAYEQYF,CASSLSYEQYF,CASSEDYEQYF,CASSEVYEQYF,CASSPLYEQYF,CASSRDYEQYF,CASSRRYEQYF,CASIRDYEQYF,CASSLAGEQYF,CASSSIYEQYF,CASSSNYEQYF,CASSPSHEQYF,CASSPSYEQYF,CASSLGGEQYF,CASSLVGEQYF,CASSYGYEQYF,CASSYLYEQYF,CASSSSYEQYF,CASSDGYEQYF,CASSNGYEQYF,CASSEGYEQYF,CASSFLYEQYF,CASSPGYEQYF,CASSPQYEQYF,CASSREYEQYF,CASSQNYEQYF,CASSEPYEQYF,CASLSSYEQYF,CASSEGHEQYF,CASSWAYEQYF,CASSLGGTQYF,CASSGPYEQYF,,,,,,,,,,,,,,,,,,,,,,,,,,,,,,,,
CASSSQGLEQYF,CASSSQGLTQYF,CASSPGGYEQYF,CASSPGTYEQYF,CASSSQGWEQYF,CASSLAGYEQYF,CASSLGGYEQYF,CASSQQGYEQYF,CASSQQVYEQYF,CASSPSGYEQYF,CASSPSPYEQYF,CASSQGGYEQYF,CASSLAGGEQYF,CASSLGSYEQYF,CASSLVSYEQYF,CASSLGSHEQYF,CASSLRGYEQYF,CASSLSGYEQYF,CASSPQGLEQYF,CASSPQGYEQYF,CASSRGSYEQYF,CASSPQGNEQYF,CASSLGSPEQYF,CASSYGTYEQYF,CASSKRGYEQYF,CASSGGSYEQYF,CASSASGYEQYF,CASSQGQYEQYF,,,,,,,,,,,,,,,,,,,,,,,,,,,,,,,,,,,,,,,
CASSLAGDQPQHF,CASSLVGDQPQHF,CASSLGGNQPQHF,CASSLGGSQPQHF,CASSLEGDQPQHF,CASSREGDQPQHF,CASSLGGDQPQHF,CASSLMGSQPQHF,CASSLVGVQPQHF,,,,,,,,,,,,,,,,,,,,,,,,,,,,,,,,,,,,,,,,,,,,,,,,,,,,,,,,,,
CASSPGQDYGYTF,CASSPGQYYGYTF,,,,,,,,,,,,,,,,,,,,,,,,,,,,,,,,,,,,,,,,,,,,,,,,,,,,,,,,,,,,,,,,,
CASSRGQGATQYF,CASSRGQGETQYF,CASSRGQQETQYF,,,,,,,,,,,,,,,,,,,,,,,,,,,,,,,,,,,,,,,,,,,,,,,,,,,,,,,,,,,,,,,,
CASSLEETQYF,CASSLSETQYF,CASSAQETQYF,CASSHQETQYF,CASSLQETQYF,CASSQEETQYF,CASSQVETQYF,CASSNQETQYF,,,,,,,,,,,,,,,,,,,,,,,,,,,,,,,,,,,,,,,,,,,,,,,,,,,,,,,,,,,
CASSSGQGGEAFF,CASSSGQGSEAFF,,,,,,,,,,,,,,,,,,,,,,,,,,,,,,,,,,,,,,,,,,,,,,,,,,,,,,,,,,,,,,,,,
CASSGSSGNTIYF,CASSVSSGNTIYF,CASSYSSGNTIYF,,,,,,,,,,,,,,,,,,,,,,,,,,,,,,,,,,,,,,,,,,,,,,,,,,,,,,,,,,,,,,,,
CASSGYNEQFF,CASSLYNEQFF,CASSLSNEQFF,CASSANNEQFF,CASSPNNEQFF,CASSLNNEQFF,CASSLDNEQFF,CASSGDNEQFF,CASSSYNEQFF,CASSLSSEQFF,,,,,,,,,,,,,,,,,,,,,,,,,,,,,,,,,,,,,,,,,,,,,,,,,,,,,,,,,
CASSEDRGDTEAFF,CASSLDRGDTEAFF,CASSLDRGNTEAFF,CASSLYRGNTEAFF,,,,,,,,,,,,,,,,,,,,,,,,,,,,,,,,,,,,,,,,,,,,,,,,,,,,,,,,,,,,,,,
CASSRDTGYEQYF,CASSRDTNYEQYF,CASSRDTAYEQYF,CASSKDRGYEQYF,CASSRDRGYEQYF,,,,,,,,,,,,,,,,,,,,,,,,,,,,,,,,,,,,,,,,,,,,,,,,,,,,,,,,,,,,,,
CASSFTGVYEQYF,CASSMTGVYEQYF,CASSETGVYEQYF,CASSFTGVHEQYF,,,,,,,,,,,,,,,,,,,,,,,,,,,,,,,,,,,,,,,,,,,,,,,,,,,,,,,,,,,,,,,
CASSLAGIRETQYF,CASSLAGVRETQYF,CASSLVGVRETQYF,,,,,,,,,,,,,,,,,,,,,,,,,,,,,,,,,,,,,,,,,,,,,,,,,,,,,,,,,,,,,,,,
CASSSGGEAFF,CASSSMGEAFF,CASSSGTEAFF,CASSHGTEAFF,CASSHVTEAFF,,,,,,,,,,,,,,,,,,,,,,,,,,,,,,,,,,,,,,,,,,,,,,,,,,,,,,,,,,,,,,
CASGVRNTEAFF,CASSVRNTEAFF,CASSIGNTEAFF,CASSVGNTEAFF,CASSVRDTEAFF,CASSDRNTEAFF,,,,,,,,,,,,,,,,,,,,,,,,,,,,,,,,,,,,,,,,,,,,,,,,,,,,,,,,,,,,,
CASSLGLDNEQFF,CASSLGPDNEQFF,CASSLGTDNEQFF,,,,,,,,,,,,,,,,,,,,,,,,,,,,,,,,,,,,,,,,,,,,,,,,,,,,,,,,,,,,,,,,
CASSEQGGEKLFF,CASSLQGGEKLFF,,,,,,,,,,,,,,,,,,,,,,,,,,,,,,,,,,,,,,,,,,,,,,,,,,,,,,,,,,,,,,,,,
CASSPDSNQPQHF,CASSSDSNQPQHF,CASSLDSNQPQHF,CASSLESNQPQHF,CASSEGSNQPQHF,CASSRGSNQPQHF,CASSPNSNQPQHF,CASSQNSNQPQHF,CASRLDSNQPQHF,CASSLTSNQPQHF,CASSVNSNQPQHF,CASSQGSNQPQHF,CASSLTNNQPQHF,CASRQDSNQPQHF,,,,,,,,,,,,,,,,,,,,,,,,,,,,,,,,,,,,,,,,,,,,,,,,,,,,,
CASMTGSYGYTF,CASTTGSYGYTF,,,,,,,,,,,,,,,,,,,,,,,,,,,,,,,,,,,,,,,,,,,,,,,,,,,,,,,,,,,,,,,,,
CASSSDRNTEAFF,CASSSDVNTEAFF,CASSLDRGTEAFF,CASSLVRGTEAFF,CASSPDRNTEAFF,CASSLDRNTEAFF,CASSLDENTEAFF,CASSLVGGTEAFF,,,,,,,,,,,,,,,,,,,,,,,,,,,,,,,,,,,,,,,,,,,,,,,,,,,,,,,,,,,
CASSLAPQETQYF,CASSLSPQETQYF,,,,,,,,,,,,,,,,,,,,,,,,,,,,,,,,,,,,,,,,,,,,,,,,,,,,,,,,,,,,,,,,,
CASSLANSPLHF,CASSLYNSPLHF,,,,,,,,,,,,,,,,,,,,,,,,,,,,,,,,,,,,,,,,,,,,,,,,,,,,,,,,,,,,,,,,,
CASSFQGAYGYTF,CASSPQGAYGYTF,CASSFRGLYGYTF,CASSLRGLYGYTF,CASSGQGDYGYTF,CASSLQGDYGYTF,CASSPTGAYGYTF,CASSEQGDYGYTF,CASSPQGDYGYTF,CASSGRGLYGYTF,CASSLQGLYGYTF,CASSGQSDYGYTF,,,,,,,,,,,,,,,,,,,,,,,,,,,,,,,,,,,,,,,,,,,,,,,,,,,,,,,
CSARTGANYGYTF,CSARTGPNYGYTF,CSARTSPNYGYTF,CSARVGANYGYTF,CSARASPNYGYTF,,,,,,,,,,,,,,,,,,,,,,,,,,,,,,,,,,,,,,,,,,,,,,,,,,,,,,,,,,,,,,
CASSHLANEQFF,CASSHLDNEQFF,,,,,,,,,,,,,,,,,,,,,,,,,,,,,,,,,,,,,,,,,,,,,,,,,,,,,,,,,,,,,,,,,
CASSLGGQETQYF,CASSLGGRETQYF,CASSVGGQETQYF,CASSLGRQETQYF,CASSLGSQETQYF,CASSLGRRETQYF,CASSLDSQETQYF,CASSLGSKETQYF,CASSPGGRETQYF,,,,,,,,,,,,,,,,,,,,,,,,,,,,,,,,,,,,,,,,,,,,,,,,,,,,,,,,,,
CASSMPGGYGYTF,CASSPPGGYGYTF,,,,,,,,,,,,,,,,,,,,,,,,,,,,,,,,,,,,,,,,,,,,,,,,,,,,,,,,,,,,,,,,,
CASSAGQVYGYTF,CASSLGQVYGYTF,,,,,,,,,,,,,,,,,,,,,,,,,,,,,,,,,,,,,,,,,,,,,,,,,,,,,,,,,,,,,,,,,
CASSLNSNYGYTF,CASSLPSNYGYTF,CASSLNTNYGYTF,CASSLDTNYGYTF,CASSLDNNYGYTF,,,,,,,,,,,,,,,,,,,,,,,,,,,,,,,,,,,,,,,,,,,,,,,,,,,,,,,,,,,,,,
CSADRDSSYEQYF,CSAIRDSSYEQYF,,,,,,,,,,,,,,,,,,,,,,,,,,,,,,,,,,,,,,,,,,,,,,,,,,,,,,,,,,,,,,,,,
CASSFAAGAEAFF,CASSFSAGAEAFF,,,,,,,,,,,,,,,,,,,,,,,,,,,,,,,,,,,,,,,,,,,,,,,,,,,,,,,,,,,,,,,,,
CASSPPYQETQYF,CASSSPYQETQYF,,,,,,,,,,,,,,,,,,,,,,,,,,,,,,,,,,,,,,,,,,,,,,,,,,,,,,,,,,,,,,,,,
CASRANTEAFF,CASRQNTEAFF,CASRRNTEAFF,,,,,,,,,,,,,,,,,,,,,,,,,,,,,,,,,,,,,,,,,,,,,,,,,,,,,,,,,,,,,,,,
CASSIGRYYGYTF,CASSRGRYYGYTF,CASSRGRGYGYTF,,,,,,,,,,,,,,,,,,,,,,,,,,,,,,,,,,,,,,,,,,,,,,,,,,,,,,,,,,,,,,,,
CASSEASYEQYF,CASSTASYEQYF,CASSTATYEQYF,CASSESSYEQYF,CASSFSSYEQYF,,,,,,,,,,,,,,,,,,,,,,,,,,,,,,,,,,,,,,,,,,,,,,,,,,,,,,,,,,,,,,
CASSLNRRSEAFF,CASSLNRRTEAFF,,,,,,,,,,,,,,,,,,,,,,,,,,,,,,,,,,,,,,,,,,,,,,,,,,,,,,,,,,,,,,,,,
CASSLGGANVLTF,CASSLSGANVLTF,CASSPSGANVLTF,CASSYSGANVLTF,CASTPSGANVLTF,CASTVSGANVLTF,,,,,,,,,,,,,,,,,,,,,,,,,,,,,,,,,,,,,,,,,,,,,,,,,,,,,,,,,,,,,
CASSEGSSYEQYF,CASSLGSSYEQYF,CASSLTSSYEQYF,CASSLDSSYEQYF,CASSLMSSYEQYF,CASSPGSSYEQYF,CASSLGHSYEQYF,CASSPSSSYEQYF,,,,,,,,,,,,,,,,,,,,,,,,,,,,,,,,,,,,,,,,,,,,,,,,,,,,,,,,,,,
CASSLGVAETQYF,CASSLGVGETQYF,CASSRGVAETQYF,,,,,,,,,,,,,,,,,,,,,,,,,,,,,,,,,,,,,,,,,,,,,,,,,,,,,,,,,,,,,,,,
CASSPGNTNEKLFF,CASSPGTTNEKLFF,CASSPATTNEKLFF,,,,,,,,,,,,,,,,,,,,,,,,,,,,,,,,,,,,,,,,,,,,,,,,,,,,,,,,,,,,,,,,
CASTQTDQETQYF,CASTQTLQETQYF,,,,,,,,,,,,,,,,,,,,,,,,,,,,,,,,,,,,,,,,,,,,,,,,,,,,,,,,,,,,,,,,,
CASSASGSYEQYF,CASSESGSYEQYF,,,,,,,,,,,,,,,,,,,,,,,,,,,,,,,,,,,,,,,,,,,,,,,,,,,,,,,,,,,,,,,,,
CASSLELSYEQYF,CASSLSLSYEQYF,,,,,,,,,,,,,,,,,,,,,,,,,,,,,,,,,,,,,,,,,,,,,,,,,,,,,,,,,,,,,,,,,
CASSLGQGTGELFF,CASSLGTGTGELFF,CASSTGQGTGELFF,,,,,,,,,,,,,,,,,,,,,,,,,,,,,,,,,,,,,,,,,,,,,,,,,,,,,,,,,,,,,,,,
CASSFNTEAFF,CASSGNTEAFF,CASSGYTEAFF,,,,,,,,,,,,,,,,,,,,,,,,,,,,,,,,,,,,,,,,,,,,,,,,,,,,,,,,,,,,,,,,
CASSLGDTYEQYF,CASSLGRTYEQYF,CASSLGRAYEQYF,CASSLGYTYEQYF,CASSHGRAYEQYF,CASSLDRAYEQYF,,,,,,,,,,,,,,,,,,,,,,,,,,,,,,,,,,,,,,,,,,,,,,,,,,,,,,,,,,,,,
CAWSFVSYEQYF,CAWSPVSYEQYF,,,,,,,,,,,,,,,,,,,,,,,,,,,,,,,,,,,,,,,,,,,,,,,,,,,,,,,,,,,,,,,,,
CASSVGGYNEQFF,CASSVGQYNEQFF,,,,,,,,,,,,,,,,,,,,,,,,,,,,,,,,,,,,,,,,,,,,,,,,,,,,,,,,,,,,,,,,,
CASSQPNTEAFF,CASSQWNTEAFF,CASSSWNTEAFF,,,,,,,,,,,,,,,,,,,,,,,,,,,,,,,,,,,,,,,,,,,,,,,,,,,,,,,,,,,,,,,,
CASSSGTVSYEQYF,CASSSGVVSYEQYF,CASSSGTLSYEQYF,CASSSGGVSYEQYF,,,,,,,,,,,,,,,,,,,,,,,,,,,,,,,,,,,,,,,,,,,,,,,,,,,,,,,,,,,,,,,
CASSLGGSGNTIYF,CASSLGGVGNTIYF,CASSLLGSGNTIYF,CASSLQGSGNTIYF,CASSLTGVGNTIYF,,,,,,,,,,,,,,,,,,,,,,,,,,,,,,,,,,,,,,,,,,,,,,,,,,,,,,,,,,,,,,
CASSYTETDTQYF,CASSYTGTDTQYF,,,,,,,,,,,,,,,,,,,,,,,,,,,,,,,,,,,,,,,,,,,,,,,,,,,,,,,,,,,,,,,,,
CASSEVLETQYF,CASSLVLETQYF,CASSLVSETQYF,CASSLYSETQYF,CASSLALETQYF,,,,,,,,,,,,,,,,,,,,,,,,,,,,,,,,,,,,,,,,,,,,,,,,,,,,,,,,,,,,,,
CAISDQGGNTEAFF,CASSDQGGNTEAFF,CASSSQGGNTEAFF,CASSSRGGNTEAFF,CASSSQGGHTEAFF,,,,,,,,,,,,,,,,,,,,,,,,,,,,,,,,,,,,,,,,,,,,,,,,,,,,,,,,,,,,,,
CASSPQGNQPQHF,CASSRQGNQPQHF,CASSEQGAQPQHF,CASSRQGAQPQHF,CASSRQRNQPQHF,CASSPSGNQPQHF,,,,,,,,,,,,,,,,,,,,,,,,,,,,,,,,,,,,,,,,,,,,,,,,,,,,,,,,,,,,,
CASSSRDGTYEQYF,CASSSRDTTYEQYF,CASSSRDHTYEQYF,,,,,,,,,,,,,,,,,,,,,,,,,,,,,,,,,,,,,,,,,,,,,,,,,,,,,,,,,,,,,,,,
CSAKGGDQPQHF,CSAKGGNQPQHF,,,,,,,,,,,,,,,,,,,,,,,,,,,,,,,,,,,,,,,,,,,,,,,,,,,,,,,,,,,,,,,,,
CASSSRGSGELFF,CASSSSGSGELFF,CASSSRVSGELFF,,,,,,,,,,,,,,,,,,,,,,,,,,,,,,,,,,,,,,,,,,,,,,,,,,,,,,,,,,,,,,,,
CASSGTGTYEQYF,CASSLTGTYEQYF,CASSGTGHYEQYF,CASSLAGTYEQYF,CASSSAGTYEQYF,CASTGTGTYEQYF,CASSLIGTYEQYF,,,,,,,,,,,,,,,,,,,,,,,,,,,,,,,,,,,,,,,,,,,,,,,,,,,,,,,,,,,,
CASSPGAVEQYF,CASSPGQVEQYF,,,,,,,,,,,,,,,,,,,,,,,,,,,,,,,,,,,,,,,,,,,,,,,,,,,,,,,,,,,,,,,,,
CASSLSSTDTQYF,CASSLVSTDTQYF,CASSLESGDTQYF,CASSLESTDTQYF,CASSLSDTDTQYF,CASSLETTDTQYF,,,,,,,,,,,,,,,,,,,,,,,,,,,,,,,,,,,,,,,,,,,,,,,,,,,,,,,,,,,,,
CASSLRGSYEQYF,CASSTRGSYEQYF,CASSGRGSYEQYF,,,,,,,,,,,,,,,,,,,,,,,,,,,,,,,,,,,,,,,,,,,,,,,,,,,,,,,,,,,,,,,,
CASSSGDSYNEQFF,CASSSGRSYNEQFF,,,,,,,,,,,,,,,,,,,,,,,,,,,,,,,,,,,,,,,,,,,,,,,,,,,,,,,,,,,,,,,,,
CASSPAGETQYF,CASSPTGETQYF,,,,,,,,,,,,,,,,,,,,,,,,,,,,,,,,,,,,,,,,,,,,,,,,,,,,,,,,,,,,,,,,,
CASSPKGPYEQYF,CASSPVGPYEQYF,,,,,,,,,,,,,,,,,,,,,,,,,,,,,,,,,,,,,,,,,,,,,,,,,,,,,,,,,,,,,,,,,
CSAGVGNQPQHF,CSARVGNQPQHF,,,,,,,,,,,,,,,,,,,,,,,,,,,,,,,,,,,,,,,,,,,,,,,,,,,,,,,,,,,,,,,,,
CASSDQGAGNTIYF,CASSSQGAGNTIYF,,,,,,,,,,,,,,,,,,,,,,,,,,,,,,,,,,,,,,,,,,,,,,,,,,,,,,,,,,,,,,,,,
CASSLRDRAEAFF,CASSLRERAEAFF,CASSYRDRAEAFF,CASSLRERTEAFF,,,,,,,,,,,,,,,,,,,,,,,,,,,,,,,,,,,,,,,,,,,,,,,,,,,,,,,,,,,,,,,
CASSSEGNQPQHF,CASSSRGNQPQHF,,,,,,,,,,,,,,,,,,,,,,,,,,,,,,,,,,,,,,,,,,,,,,,,,,,,,,,,,,,,,,,,,
CASSFDPGNTEAFF,CASSFDSGNTEAFF,,,,,,,,,,,,,,,,,,,,,,,,,,,,,,,,,,,,,,,,,,,,,,,,,,,,,,,,,,,,,,,,,
CASRPGGEKLFF,CASSPGGEKLFF,CASSLGGEKLFF,,,,,,,,,,,,,,,,,,,,,,,,,,,,,,,,,,,,,,,,,,,,,,,,,,,,,,,,,,,,,,,,
CASSPGTANTEAFF,CASSPGTVNTEAFF,CASSPTTVNTEAFF,CASSEGTANTEAFF,,,,,,,,,,,,,,,,,,,,,,,,,,,,,,,,,,,,,,,,,,,,,,,,,,,,,,,,,,,,,,,
CASTPGRNYGYTF,CTSTPGRNYGYTF,,,,,,,,,,,,,,,,,,,,,,,,,,,,,,,,,,,,,,,,,,,,,,,,,,,,,,,,,,,,,,,,,
CAGGTAYEQYF,CASGTAYEQYF,CASGTTYEQYF,,,,,,,,,,,,,,,,,,,,,,,,,,,,,,,,,,,,,,,,,,,,,,,,,,,,,,,,,,,,,,,,
CASSPDGNYGYTF,CASSPRGNYGYTF,CASSPRGQYGYTF,CASSPKGNYGYTF,CASSPDSNYGYTF,CASSYDSNYGYTF,CASSPDFNYGYTF,,,,,,,,,,,,,,,,,,,,,,,,,,,,,,,,,,,,,,,,,,,,,,,,,,,,,,,,,,,,
CANSFRGETQYF,CASSFRGETQYF,,,,,,,,,,,,,,,,,,,,,,,,,,,,,,,,,,,,,,,,,,,,,,,,,,,,,,,,,,,,,,,,,
CASSRGLTEAFF,CASSRGYTEAFF,,,,,,,,,,,,,,,,,,,,,,,,,,,,,,,,,,,,,,,,,,,,,,,,,,,,,,,,,,,,,,,,,
CASSLDGGAFF,CASSLDRGAFF,,,,,,,,,,,,,,,,,,,,,,,,,,,,,,,,,,,,,,,,,,,,,,,,,,,,,,,,,,,,,,,,,
CASSELENTEAFF,CASSELQNTEAFF,CASSPLPNTEAFF,CASSPTPNTEAFF,CASSPLQNTEAFF,,,,,,,,,,,,,,,,,,,,,,,,,,,,,,,,,,,,,,,,,,,,,,,,,,,,,,,,,,,,,,
CASRDNNQPQHF,CASRTNNQPQHF,,,,,,,,,,,,,,,,,,,,,,,,,,,,,,,,,,,,,,,,,,,,,,,,,,,,,,,,,,,,,,,,,
CASSVGSGTEAFF,CASSVGVGTEAFF,,,,,,,,,,,,,,,,,,,,,,,,,,,,,,,,,,,,,,,,,,,,,,,,,,,,,,,,,,,,,,,,,
CASSLREAYEQYF,CASSYREAYEQYF,CASSLRLAYEQYF,,,,,,,,,,,,,,,,,,,,,,,,,,,,,,,,,,,,,,,,,,,,,,,,,,,,,,,,,,,,,,,,
CASSFQGAEAFF,CASSRQGAEAFF,,,,,,,,,,,,,,,,,,,,,,,,,,,,,,,,,,,,,,,,,,,,,,,,,,,,,,,,,,,,,,,,,
CASSGGSTDTQYF,CASSGGYTDTQYF,,,,,,,,,,,,,,,,,,,,,,,,,,,,,,,,,,,,,,,,,,,,,,,,,,,,,,,,,,,,,,,,,
CASSLAGGDEQYF,CASSLAGGNEQYF,,,,,,,,,,,,,,,,,,,,,,,,,,,,,,,,,,,,,,,,,,,,,,,,,,,,,,,,,,,,,,,,,
CASSAHLQSEQFF,CVSSAHLQSEQFF,,,,,,,,,,,,,,,,,,,,,,,,,,,,,,,,,,,,,,,,,,,,,,,,,,,,,,,,,,,,,,,,,
CASSSTANYGYTF,CASSSTAPYGYTF,CASSGTANYGYTF,CASSSTENYGYTF,CASSWTENYGYTF,,,,,,,,,,,,,,,,,,,,,,,,,,,,,,,,,,,,,,,,,,,,,,,,,,,,,,,,,,,,,,
CASKGAYEQYF,CASKGFYEQYF,,,,,,,,,,,,,,,,,,,,,,,,,,,,,,,,,,,,,,,,,,,,,,,,,,,,,,,,,,,,,,,,,
CASRGRATNEKLFF,CASSGRATNEKLFF,,,,,,,,,,,,,,,,,,,,,,,,,,,,,,,,,,,,,,,,,,,,,,,,,,,,,,,,,,,,,,,,,
CASSLGGNTGELFF,CASSLQGNTGELFF,,,,,,,,,,,,,,,,,,,,,,,,,,,,,,,,,,,,,,,,,,,,,,,,,,,,,,,,,,,,,,,,,
CASSRDRNEQYF,CATSRDRNEQYF,,,,,,,,,,,,,,,,,,,,,,,,,,,,,,,,,,,,,,,,,,,,,,,,,,,,,,,,,,,,,,,,,
CASSVEVGDTQYF,CASSVVVGDTQYF,,,,,,,,,,,,,,,,,,,,,,,,,,,,,,,,,,,,,,,,,,,,,,,,,,,,,,,,,,,,,,,,,
CASSQANQPQHF,CASSQDNQPQHF,CASSQYNQPQHF,,,,,,,,,,,,,,,,,,,,,,,,,,,,,,,,,,,,,,,,,,,,,,,,,,,,,,,,,,,,,,,,
CASRVTLTGELFF,CASSVTLTGELFF,CASSTTLTGELFF,,,,,,,,,,,,,,,,,,,,,,,,,,,,,,,,,,,,,,,,,,,,,,,,,,,,,,,,,,,,,,,,
CASQRGSSYNEQFF,CASSRGSSYNEQFF,,,,,,,,,,,,,,,,,,,,,,,,,,,,,,,,,,,,,,,,,,,,,,,,,,,,,,,,,,,,,,,,,
CASSRAASSYEQYF,CASSRAGSSYEQYF,,,,,,,,,,,,,,,,,,,,,,,,,,,,,,,,,,,,,,,,,,,,,,,,,,,,,,,,,,,,,,,,,
CASSPDRLTGELFF,CASSPDRNTGELFF,,,,,,,,,,,,,,,,,,,,,,,,,,,,,,,,,,,,,,,,,,,,,,,,,,,,,,,,,,,,,,,,,
CASHRGPWTGELFF,CASHRGSWTGELFF,,,,,,,,,,,,,,,,,,,,,,,,,,,,,,,,,,,,,,,,,,,,,,,,,,,,,,,,,,,,,,,,,
CASSLEQGYEQYF,CASSLFQGYEQYF,,,,,,,,,,,,,,,,,,,,,,,,,,,,,,,,,,,,,,,,,,,,,,,,,,,,,,,,,,,,,,,,,
CASSPNSGYEQYF,CASSPTSGYEQYF,CASSPYSGYEQYF,,,,,,,,,,,,,,,,,,,,,,,,,,,,,,,,,,,,,,,,,,,,,,,,,,,,,,,,,,,,,,,,
CSARTGNYGYTF,CSATTGNYGYTF,,,,,,,,,,,,,,,,,,,,,,,,,,,,,,,,,,,,,,,,,,,,,,,,,,,,,,,,,,,,,,,,,
CASSPPEPHYGYTF,CASSPPEPHYSYTF,,,,,,,,,,,,,,,,,,,,,,,,,,,,,,,,,,,,,,,,,,,,,,,,,,,,,,,,,,,,,,,,,
CASSPGGGEKLFF,CASSPGIGEKLFF,CASSPGWGEKLFF,,,,,,,,,,,,,,,,,,,,,,,,,,,,,,,,,,,,,,,,,,,,,,,,,,,,,,,,,,,,,,,,
CASSEPNSYEQYF,CASSETNSYEQYF,,,,,,,,,,,,,,,,,,,,,,,,,,,,,,,,,,,,,,,,,,,,,,,,,,,,,,,,,,,,,,,,,
CASSRNTISYEQYF,CASSRNTITYEQYF,,,,,,,,,,,,,,,,,,,,,,,,,,,,,,,,,,,,,,,,,,,,,,,,,,,,,,,,,,,,,,,,,
CASSFGGTDTQYF,CASSPGGTDTQYF,CASSIGGTDTQYF,CASSFWGTDTQYF,CASSSGGTDTQYF,,,,,,,,,,,,,,,,,,,,,,,,,,,,,,,,,,,,,,,,,,,,,,,,,,,,,,,,,,,,,,
CASSLSSGEQFF,CASSLSSNEQFF,CASSLSRGEQFF,CASSLDSNEQFF,,,,,,,,,,,,,,,,,,,,,,,,,,,,,,,,,,,,,,,,,,,,,,,,,,,,,,,,,,,,,,,
CASSAVTVNTEAFF,CASSQVTVNTEAFF,,,,,,,,,,,,,,,,,,,,,,,,,,,,,,,,,,,,,,,,,,,,,,,,,,,,,,,,,,,,,,,,,
CASSHGPYTGELFF,CASSSGPYTGELFF,,,,,,,,,,,,,,,,,,,,,,,,,,,,,,,,,,,,,,,,,,,,,,,,,,,,,,,,,,,,,,,,,
CASSGDGYEQYF,CASSRDGYEQYF,CASSRDFYEQYF,,,,,,,,,,,,,,,,,,,,,,,,,,,,,,,,,,,,,,,,,,,,,,,,,,,,,,,,,,,,,,,,
CASSLGGAREQYF,CASSLGGAWEQYF,CASSLGGSREQYF,,,,,,,,,,,,,,,,,,,,,,,,,,,,,,,,,,,,,,,,,,,,,,,,,,,,,,,,,,,,,,,,
CASSSHLYGYTF,CASSSRLYGYTF,,,,,,,,,,,,,,,,,,,,,,,,,,,,,,,,,,,,,,,,,,,,,,,,,,,,,,,,,,,,,,,,,
CASSPPAGGYTF,CASSPRAGGYTF,,,,,,,,,,,,,,,,,,,,,,,,,,,,,,,,,,,,,,,,,,,,,,,,,,,,,,,,,,,,,,,,,
CASSLGRGEAFF,CASSLGTGEAFF,CASSLGRGVAFF,CASSLGTAEAFF,,,,,,,,,,,,,,,,,,,,,,,,,,,,,,,,,,,,,,,,,,,,,,,,,,,,,,,,,,,,,,,
CASSPGYTGELFF,CASSPTYTGELFF,CASSPTSTGELFF,CASSPGYIGELFF,,,,,,,,,,,,,,,,,,,,,,,,,,,,,,,,,,,,,,,,,,,,,,,,,,,,,,,,,,,,,,,
CASSDGQGYEQYF,CASSSGQGYEQYF,CASSSGQQYEQYF,,,,,,,,,,,,,,,,,,,,,,,,,,,,,,,,,,,,,,,,,,,,,,,,,,,,,,,,,,,,,,,,
CASSPDRIYGYTF,CASSPDRTYGYTF,CASSPGRIYGYTF,,,,,,,,,,,,,,,,,,,,,,,,,,,,,,,,,,,,,,,,,,,,,,,,,,,,,,,,,,,,,,,,
CASSFIGGQPQHF,CASSFIQGQPQHF,,,,,,,,,,,,,,,,,,,,,,,,,,,,,,,,,,,,,,,,,,,,,,,,,,,,,,,,,,,,,,,,,
CASSTRGTEAFF,CASSTVGTEAFF,CASSQVGTEAFF,,,,,,,,,,,,,,,,,,,,,,,,,,,,,,,,,,,,,,,,,,,,,,,,,,,,,,,,,,,,,,,,
CASSPGLGNTIYF,CASSPGTGNTIYF,,,,,,,,,,,,,,,,,,,,,,,,,,,,,,,,,,,,,,,,,,,,,,,,,,,,,,,,,,,,,,,,,
CAISEPNQPQHF,CASSEPNQPQHF,,,,,,,,,,,,,,,,,,,,,,,,,,,,,,,,,,,,,,,,,,,,,,,,,,,,,,,,,,,,,,,,,
CAIRGVENTEAFF,CAIRGVGNTEAFF,,,,,,,,,,,,,,,,,,,,,,,,,,,,,,,,,,,,,,,,,,,,,,,,,,,,,,,,,,,,,,,,,
CASSLALGETQYF,CASSLARGETQYF,CASSLLLGETQYF,,,,,,,,,,,,,,,,,,,,,,,,,,,,,,,,,,,,,,,,,,,,,,,,,,,,,,,,,,,,,,,,
CASSGTGNTGELFF,CASSGTGRTGELFF,CASSGTPNTGELFF,,,,,,,,,,,,,,,,,,,,,,,,,,,,,,,,,,,,,,,,,,,,,,,,,,,,,,,,,,,,,,,,
CASGASSYEQYF,CASGPSSYEQYF,CASGVSSYEQYF,,,,,,,,,,,,,,,,,,,,,,,,,,,,,,,,,,,,,,,,,,,,,,,,,,,,,,,,,,,,,,,,
CASSIAATDTQYF,CASSIASTDTQYF,CASSVASTDTQYF,,,,,,,,,,,,,,,,,,,,,,,,,,,,,,,,,,,,,,,,,,,,,,,,,,,,,,,,,,,,,,,,
CASSFEGLNTEAFF,CASSFTGLNTEAFF,,,,,,,,,,,,,,,,,,,,,,,,,,,,,,,,,,,,,,,,,,,,,,,,,,,,,,,,,,,,,,,,,
CASSVADSYEQYF,CASSVAVSYEQYF,,,,,,,,,,,,,,,,,,,,,,,,,,,,,,,,,,,,,,,,,,,,,,,,,,,,,,,,,,,,,,,,,
CASSLGFTNEKLFF,CASSLGVTNEKLFF,,,,,,,,,,,,,,,,,,,,,,,,,,,,,,,,,,,,,,,,,,,,,,,,,,,,,,,,,,,,,,,,,
CASSLTGDEQYF,CASSVTGDEQYF,,,,,,,,,,,,,,,,,,,,,,,,,,,,,,,,,,,,,,,,,,,,,,,,,,,,,,,,,,,,,,,,,
CASRRQGRNTEAFF,CASRRQGVNTEAFF,,,,,,,,,,,,,,,,,,,,,,,,,,,,,,,,,,,,,,,,,,,,,,,,,,,,,,,,,,,,,,,,,
CASSSGTAGYTF,CASSSGTNGYTF,,,,,,,,,,,,,,,,,,,,,,,,,,,,,,,,,,,,,,,,,,,,,,,,,,,,,,,,,,,,,,,,,
CASQQGAGNTIYF,CASRQGAGNTIYF,,,,,,,,,,,,,,,,,,,,,,,,,,,,,,,,,,,,,,,,,,,,,,,,,,,,,,,,,,,,,,,,,
CASSDGGGGTEAFF,CASSQGGGGTEAFF,,,,,,,,,,,,,,,,,,,,,,,,,,,,,,,,,,,,,,,,,,,,,,,,,,,,,,,,,,,,,,,,,
CASSRRLGTETQYF,CVSSRRLGTETQYF,,,,,,,,,,,,,,,,,,,,,,,,,,,,,,,,,,,,,,,,,,,,,,,,,,,,,,,,,,,,,,,,,
CASSPHGDTQYF,CASSPLGDTQYF,,,,,,,,,,,,,,,,,,,,,,,,,,,,,,,,,,,,,,,,,,,,,,,,,,,,,,,,,,,,,,,,,
CAWSVGGETEAFF,CAWSVGGLTEAFF,,,,,,,,,,,,,,,,,,,,,,,,,,,,,,,,,,,,,,,,,,,,,,,,,,,,,,,,,,,,,,,,,
CASSLGPDEQYF,CASSLGYDEQYF,CASSLGPTEQYF,,,,,,,,,,,,,,,,,,,,,,,,,,,,,,,,,,,,,,,,,,,,,,,,,,,,,,,,,,,,,,,,
CASSPGEAYEQYF,CASSPGEEYEQYF,,,,,,,,,,,,,,,,,,,,,,,,,,,,,,,,,,,,,,,,,,,,,,,,,,,,,,,,,,,,,,,,,
CASSYSRANTEAFF,CASSYSRQNTEAFF,,,,,,,,,,,,,,,,,,,,,,,,,,,,,,,,,,,,,,,,,,,,,,,,,,,,,,,,,,,,,,,,,
CASSPREQETQYF,CASSYREQETQYF,,,,,,,,,,,,,,,,,,,,,,,,,,,,,,,,,,,,,,,,,,,,,,,,,,,,,,,,,,,,,,,,,
CASSGTGWGTEAFF,CASSLTGWGTEAFF,,,,,,,,,,,,,,,,,,,,,,,,,,,,,,,,,,,,,,,,,,,,,,,,,,,,,,,,,,,,,,,,,
CASSLAGADTQYF,CASTLAGADTQYF,CASSLTGADTQYF,,,,,,,,,,,,,,,,,,,,,,,,,,,,,,,,,,,,,,,,,,,,,,,,,,,,,,,,,,,,,,,,
CASSFGRDTEAFF,CASSFGRSTEAFF,,,,,,,,,,,,,,,,,,,,,,,,,,,,,,,,,,,,,,,,,,,,,,,,,,,,,,,,,,,,,,,,,
CAWSARTLAYEQYF,CAWSRRTLAYEQYF,,,,,,,,,,,,,,,,,,,,,,,,,,,,,,,,,,,,,,,,,,,,,,,,,,,,,,,,,,,,,,,,,
CASSFEGRDTEAFF,CASSFLGRDTEAFF,,,,,,,,,,,,,,,,,,,,,,,,,,,,,,,,,,,,,,,,,,,,,,,,,,,,,,,,,,,,,,,,,
CASSPHGGGEAFF,CASSPPGGGEAFF,,,,,,,,,,,,,,,,,,,,,,,,,,,,,,,,,,,,,,,,,,,,,,,,,,,,,,,,,,,,,,,,,
CASSDRGYGYTF,CASSRRGYGYTF,,,,,,,,,,,,,,,,,,,,,,,,,,,,,,,,,,,,,,,,,,,,,,,,,,,,,,,,,,,,,,,,,
CASSTINYGYTF,CASSTSNYGYTF,,,,,,,,,,,,,,,,,,,,,,,,,,,,,,,,,,,,,,,,,,,,,,,,,,,,,,,,,,,,,,,,,
CASSQVGGNEQFF,CASSVVGGNEQFF,,,,,,,,,,,,,,,,,,,,,,,,,,,,,,,,,,,,,,,,,,,,,,,,,,,,,,,,,,,,,,,,,
CASSLGEGEKLFF,CASSLGEWEKLFF,,,,,,,,,,,,,,,,,,,,,,,,,,,,,,,,,,,,,,,,,,,,,,,,,,,,,,,,,,,,,,,,,
CASSDSTTSTSGANILTF,CASSDSTTSTSGANVLTF,,,,,,,,,,,,,,,,,,,,,,,,,,,,,,,,,,,,,,,,,,,,,,,,,,,,,,,,,,,,,,,,,
CASSSFRGTEAFF,CASSSSRGTEAFF,,,,,,,,,,,,,,,,,,,,,,,,,,,,,,,,,,,,,,,,,,,,,,,,,,,,,,,,,,,,,,,,,
CASSLAGYNEQFF,CASSLHGYNEQFF,,,,,,,,,,,,,,,,,,,,,,,,,,,,,,,,,,,,,,,,,,,,,,,,,,,,,,,,,,,,,,,,,
CASSGGRGRTEAFF,CASSLGRGRTEAFF,,,,,,,,,,,,,,,,,,,,,,,,,,,,,,,,,,,,,,,,,,,,,,,,,,,,,,,,,,,,,,,,,
CASSPSGAYEQYF,CASSPTGAYEQYF,,,,,,,,,,,,,,,,,,,,,,,,,,,,,,,,,,,,,,,,,,,,,,,,,,,,,,,,,,,,,,,,,
CASSEDRGNYGYTF,CASSEDSGNYGYTF,,,,,,,,,,,,,,,,,,,,,,,,,,,,,,,,,,,,,,,,,,,,,,,,,,,,,,,,,,,,,,,,,
CASSIGVNYGYTF,CASSQGVNYGYTF,CASSEGRNYGYTF,CASSEGVNYGYTF,,,,,,,,,,,,,,,,,,,,,,,,,,,,,,,,,,,,,,,,,,,,,,,,,,,,,,,,,,,,,,,
CASSSGIFYGYTF,CASSSGQFYGYTF,,,,,,,,,,,,,,,,,,,,,,,,,,,,,,,,,,,,,,,,,,,,,,,,,,,,,,,,,,,,,,,,,
CASSERDTGELFF,CASSERGTGELFF,,,,,,,,,,,,,,,,,,,,,,,,,,,,,,,,,,,,,,,,,,,,,,,,,,,,,,,,,,,,,,,,,
CASSPRPTDTQYF,CASSPRRTDTQYF,CASSPRSTDTQYF,,,,,,,,,,,,,,,,,,,,,,,,,,,,,,,,,,,,,,,,,,,,,,,,,,,,,,,,,,,,,,,,
CASSLEGAGYTF,CASSLEGNGYTF,CASSQEGNGYTF,CASSLGGNGYTF,,,,,,,,,,,,,,,,,,,,,,,,,,,,,,,,,,,,,,,,,,,,,,,,,,,,,,,,,,,,,,,
CASSQETQYF,CASSSETQYF,,,,,,,,,,,,,,,,,,,,,,,,,,,,,,,,,,,,,,,,,,,,,,,,,,,,,,,,,,,,,,,,,
CASSYSAGNTEAFF,CASSYSSGNTEAFF,,,,,,,,,,,,,,,,,,,,,,,,,,,,,,,,,,,,,,,,,,,,,,,,,,,,,,,,,,,,,,,,,
CSASRDSYEQYF,CSASRSSYEQYF,,,,,,,,,,,,,,,,,,,,,,,,,,,,,,,,,,,,,,,,,,,,,,,,,,,,,,,,,,,,,,,,,
CASSPDISTDTQYF,CASSPDKSTDTQYF,,,,,,,,,,,,,,,,,,,,,,,,,,,,,,,,,,,,,,,,,,,,,,,,,,,,,,,,,,,,,,,,,
CASSLAVGELFF,CASSLEVGELFF,,,,,,,,,,,,,,,,,,,,,,,,,,,,,,,,,,,,,,,,,,,,,,,,,,,,,,,,,,,,,,,,,
CASSTGTDGYTF,CASSVGTDGYTF,,,,,,,,,,,,,,,,,,,,,,,,,,,,,,,,,,,,,,,,,,,,,,,,,,,,,,,,,,,,,,,,,
CASSFMRTGEAFF,CASSFMRTGELFF,,,,,,,,,,,,,,,,,,,,,,,,,,,,,,,,,,,,,,,,,,,,,,,,,,,,,,,,,,,,,,,,,
CASSDSPGGNTQYF,CASSDSSGGNTQYF,,,,,,,,,,,,,,,,,,,,,,,,,,,,,,,,,,,,,,,,,,,,,,,,,,,,,,,,,,,,,,,,,
CASAFGLNTEAFF,CASSFGLNTEAFF,,,,,,,,,,,,,,,,,,,,,,,,,,,,,,,,,,,,,,,,,,,,,,,,,,,,,,,,,,,,,,,,,
CASSLGQGGYTF,CASSPGQGGYTF,,,,,,,,,,,,,,,,,,,,,,,,,,,,,,,,,,,,,,,,,,,,,,,,,,,,,,,,,,,,,,,,,
CASSLERFYGYTF,CASSLERNYGYTF,,,,,,,,,,,,,,,,,,,,,,,,,,,,,,,,,,,,,,,,,,,,,,,,,,,,,,,,,,,,,,,,,
CASRLAGGDNEQFF,CASRLIGGDNEQFF,,,,,,,,,,,,,,,,,,,,,,,,,,,,,,,,,,,,,,,,,,,,,,,,,,,,,,,,,,,,,,,,,
CASSAGPNQPQHF,CASSSGPNQPQHF,,,,,,,,,,,,,,,,,,,,,,,,,,,,,,,,,,,,,,,,,,,,,,,,,,,,,,,,,,,,,,,,,
CASSPPHGGTEAFF,CASSPPTGGTEAFF,,,,,,,,,,,,,,,,,,,,,,,,,,,,,,,,,,,,,,,,,,,,,,,,,,,,,,,,,,,,,,,,,
CASSLDSSGNTIYF,CASSLDSTGNTIYF,CASSLPSSGNTIYF,,,,,,,,,,,,,,,,,,,,,,,,,,,,,,,,,,,,,,,,,,,,,,,,,,,,,,,,,,,,,,,,
CASSETGVDYTF,CASSETGVGYTF,CASSQTGVGYTF,,,,,,,,,,,,,,,,,,,,,,,,,,,,,,,,,,,,,,,,,,,,,,,,,,,,,,,,,,,,,,,,
CASSPGTMETQYF,CASSVGTMETQYF,CASSPGTQETQYF,,,,,,,,,,,,,,,,,,,,,,,,,,,,,,,,,,,,,,,,,,,,,,,,,,,,,,,,,,,,,,,,
CASSYGTLNTEAFF,CASSYSTLNTEAFF,,,,,,,,,,,,,,,,,,,,,,,,,,,,,,,,,,,,,,,,,,,,,,,,,,,,,,,,,,,,,,,,,
CASSPAETQYF,CASSPRETQYF,CASSPLETQYF,,,,,,,,,,,,,,,,,,,,,,,,,,,,,,,,,,,,,,,,,,,,,,,,,,,,,,,,,,,,,,,,
CASSLGAGENTIYF,CASSLGWGENTIYF,,,,,,,,,,,,,,,,,,,,,,,,,,,,,,,,,,,,,,,,,,,,,,,,,,,,,,,,,,,,,,,,,
CSARAGYEQYF,CSARTGYEQYF,,,,,,,,,,,,,,,,,,,,,,,,,,,,,,,,,,,,,,,,,,,,,,,,,,,,,,,,,,,,,,,,,
CASSVAPGYEQYF,CASSVAQGYEQYF,,,,,,,,,,,,,,,,,,,,,,,,,,,,,,,,,,,,,,,,,,,,,,,,,,,,,,,,,,,,,,,,,
CASTAYNEQFF,CASTDYNEQFF,,,,,,,,,,,,,,,,,,,,,,,,,,,,,,,,,,,,,,,,,,,,,,,,,,,,,,,,,,,,,,,,,
CSALGQANTEAFF,CSARGQANTEAFF,,,,,,,,,,,,,,,,,,,,,,,,,,,,,,,,,,,,,,,,,,,,,,,,,,,,,,,,,,,,,,,,,
CASRPNTGELFF,CASRTNTGELFF,,,,,,,,,,,,,,,,,,,,,,,,,,,,,,,,,,,,,,,,,,,,,,,,,,,,,,,,,,,,,,,,,
CSVGSDGTNEKLFF,CSVGSGGTNEKLFF,,,,,,,,,,,,,,,,,,,,,,,,,,,,,,,,,,,,,,,,,,,,,,,,,,,,,,,,,,,,,,,,,
CASRASSGNTIYF,CASRISSGNTIYF,,,,,,,,,,,,,,,,,,,,,,,,,,,,,,,,,,,,,,,,,,,,,,,,,,,,,,,,,,,,,,,,,
CASSLRANQPQHF,CASSLRHNQPQHF,,,,,,,,,,,,,,,,,,,,,,,,,,,,,,,,,,,,,,,,,,,,,,,,,,,,,,,,,,,,,,,,,
CASSFSGTDGYTF,CASSYSGTDGYTF,,,,,,,,,,,,,,,,,,,,,,,,,,,,,,,,,,,,,,,,,,,,,,,,,,,,,,,,,,,,,,,,,
CASSIGLRETQYF,CASSKGLRETQYF,,,,,,,,,,,,,,,,,,,,,,,,,,,,,,,,,,,,,,,,,,,,,,,,,,,,,,,,,,,,,,,,,
CASSFSGANEKLFF,CASSFSGTNEKLFF,,,,,,,,,,,,,,,,,,,,,,,,,,,,,,,,,,,,,,,,,,,,,,,,,,,,,,,,,,,,,,,,,
CASSLVGDTQYF,CASSLVIDTQYF,,,,,,,,,,,,,,,,,,,,,,,,,,,,,,,,,,,,,,,,,,,,,,,,,,,,,,,,,,,,,,,,,
CASSSAVQETQYF,CASSSGVQETQYF,CASSSGPQETQYF,,,,,,,,,,,,,,,,,,,,,,,,,,,,,,,,,,,,,,,,,,,,,,,,,,,,,,,,,,,,,,,,
CASSPGQNQPQHF,CASSPMQNQPQHF,,,,,,,,,,,,,,,,,,,,,,,,,,,,,,,,,,,,,,,,,,,,,,,,,,,,,,,,,,,,,,,,,
CASSSNSGANILTF,CASSSNSGANVLTF,,,,,,,,,,,,,,,,,,,,,,,,,,,,,,,,,,,,,,,,,,,,,,,,,,,,,,,,,,,,,,,,,
CASSLKVQETQYF,CASSLTVQETQYF,,,,,,,,,,,,,,,,,,,,,,,,,,,,,,,,,,,,,,,,,,,,,,,,,,,,,,,,,,,,,,,,,
CANRGGADTGELFF,CANSGGADTGELFF,,,,,,,,,,,,,,,,,,,,,,,,,,,,,,,,,,,,,,,,,,,,,,,,,,,,,,,,,,,,,,,,,
CSAEGNSYEQYF,CSVEGNSYEQYF,,,,,,,,,,,,,,,,,,,,,,,,,,,,,,,,,,,,,,,,,,,,,,,,,,,,,,,,,,,,,,,,,
CASSLALLTYEQYF,CASSLALLTYKQYF,,,,,,,,,,,,,,,,,,,,,,,,,,,,,,,,,,,,,,,,,,,,,,,,,,,,,,,,,,,,,,,,,
CASSGSFNEQFF,CASSPSFNEQFF,,,,,,,,,,,,,,,,,,,,,,,,,,,,,,,,,,,,,,,,,,,,,,,,,,,,,,,,,,,,,,,,,
CASSPTGDNEQFF,CASSPTGHNEQFF,,,,,,,,,,,,,,,,,,,,,,,,,,,,,,,,,,,,,,,,,,,,,,,,,,,,,,,,,,,,,,,,,
CASSILSNQPQHF,CASSIYSNQPQHF,,,,,,,,,,,,,,,,,,,,,,,,,,,,,,,,,,,,,,,,,,,,,,,,,,,,,,,,,,,,,,,,,
CSASILHEQFF,CSASKLHEQFF,,,,,,,,,,,,,,,,,,,,,,,,,,,,,,,,,,,,,,,,,,,,,,,,,,,,,,,,,,,,,,,,,
CASSQARGGEQYF,CASSQSRGGEQYF,CASSQSRVGEQYF,,,,,,,,,,,,,,,,,,,,,,,,,,,,,,,,,,,,,,,,,,,,,,,,,,,,,,,,,,,,,,,,
CASRQDLDYGYTF,CASRQGLDYGYTF,,,,,,,,,,,,,,,,,,,,,,,,,,,,,,,,,,,,,,,,,,,,,,,,,,,,,,,,,,,,,,,,,
CASRDRSGNTIYF,CASRGRSGNTIYF,,,,,,,,,,,,,,,,,,,,,,,,,,,,,,,,,,,,,,,,,,,,,,,,,,,,,,,,,,,,,,,,,
CASSQDYGEKLFF,CASSQDYNEKLFF,,,,,,,,,,,,,,,,,,,,,,,,,,,,,,,,,,,,,,,,,,,,,,,,,,,,,,,,,,,,,,,,,
CASSLALQGEAFF,CASSLALTGEAFF,,,,,,,,,,,,,,,,,,,,,,,,,,,,,,,,,,,,,,,,,,,,,,,,,,,,,,,,,,,,,,,,,
CANSPGQGGTEAFF,CASSPGQGGTEAFF,,,,,,,,,,,,,,,,,,,,,,,,,,,,,,,,,,,,,,,,,,,,,,,,,,,,,,,,,,,,,,,,,
CASSIARTYEQYF,CASSVARTYEQYF,,,,,,,,,,,,,,,,,,,,,,,,,,,,,,,,,,,,,,,,,,,,,,,,,,,,,,,,,,,,,,,,,
CATSLRTGSGYTF,CATSSRTGSGYTF,,,,,,,,,,,,,,,,,,,,,,,,,,,,,,,,,,,,,,,,,,,,,,,,,,,,,,,,,,,,,,,,,
CSALTGDYGYTF,CSFLTGDYGYTF,,,,,,,,,,,,,,,,,,,,,,,,,,,,,,,,,,,,,,,,,,,,,,,,,,,,,,,,,,,,,,,,,
CASSLTIGGTEAFF,CASSLTQGGTEAFF,,,,,,,,,,,,,,,,,,,,,,,,,,,,,,,,,,,,,,,,,,,,,,,,,,,,,,,,,,,,,,,,,
CASSPRLNEKLFF,CASSPWLNEKLFF,,,,,,,,,,,,,,,,,,,,,,,,,,,,,,,,,,,,,,,,,,,,,,,,,,,,,,,,,,,,,,,,,
CASNAAIGAGYTF,CASSAAIGAGYTF,,,,,,,,,,,,,,,,,,,,,,,,,,,,,,,,,,,,,,,,,,,,,,,,,,,,,,,,,,,,,,,,,
CASSASSTEAFF,CASSASYTEAFF,,,,,,,,,,,,,,,,,,,,,,,,,,,,,,,,,,,,,,,,,,,,,,,,,,,,,,,,,,,,,,,,,
CASSPPRGWETQYF,CASTPPRGWETQYF,,,,,,,,,,,,,,,,,,,,,,,,,,,,,,,,,,,,,,,,,,,,,,,,,,,,,,,,,,,,,,,,,
CASSAQGTDTQYF,CASSARGTDTQYF,CASSWQGTDTQYF,,,,,,,,,,,,,,,,,,,,,,,,,,,,,,,,,,,,,,,,,,,,,,,,,,,,,,,,,,,,,,,,
CASSHARNSPLHF,CASSHLRNSPLHF,,,,,,,,,,,,,,,,,,,,,,,,,,,,,,,,,,,,,,,,,,,,,,,,,,,,,,,,,,,,,,,,,
CASSLFGNTIYF,CASSLVGNTIYF,,,,,,,,,,,,,,,,,,,,,,,,,,,,,,,,,,,,,,,,,,,,,,,,,,,,,,,,,,,,,,,,,
CAISEGPGEQYF,CAISELPGEQYF,CAINELPGEQYF,,,,,,,,,,,,,,,,,,,,,,,,,,,,,,,,,,,,,,,,,,,,,,,,,,,,,,,,,,,,,,,,
CASSVEGGGYTF,CASSVEWGGYTF,,,,,,,,,,,,,,,,,,,,,,,,,,,,,,,,,,,,,,,,,,,,,,,,,,,,,,,,,,,,,,,,,
CASSLNRGNEQFF,CASSLNRGNEQYF,,,,,,,,,,,,,,,,,,,,,,,,,,,,,,,,,,,,,,,,,,,,,,,,,,,,,,,,,,,,,,,,,
CASSLATETEAFF,CASSPATETEAFF,,,,,,,,,,,,,,,,,,,,,,,,,,,,,,,,,,,,,,,,,,,,,,,,,,,,,,,,,,,,,,,,,
CASSDLGYEQYF,CASSDLTYEQYF,,,,,,,,,,,,,,,,,,,,,,,,,,,,,,,,,,,,,,,,,,,,,,,,,,,,,,,,,,,,,,,,,
CASSLSRNQPQHF,CASSTSRNQPQHF,,,,,,,,,,,,,,,,,,,,,,,,,,,,,,,,,,,,,,,,,,,,,,,,,,,,,,,,,,,,,,,,,
CASSPSANTEAFF,CASSPSVNTEAFF,,,,,,,,,,,,,,,,,,,,,,,,,,,,,,,,,,,,,,,,,,,,,,,,,,,,,,,,,,,,,,,,,
CASSLNRGNEKLFF,CASSLSRGNEKLFF,,,,,,,,,,,,,,,,,,,,,,,,,,,,,,,,,,,,,,,,,,,,,,,,,,,,,,,,,,,,,,,,,
CASRDGAGEQFF,CASRTGAGEQFF,,,,,,,,,,,,,,,,,,,,,,,,,,,,,,,,,,,,,,,,,,,,,,,,,,,,,,,,,,,,,,,,,
CASSQVAGNTEAFF,CASSQVAGRTEAFF,,,,,,,,,,,,,,,,,,,,,,,,,,,,,,,,,,,,,,,,,,,,,,,,,,,,,,,,,,,,,,,,,
CASSFTSTDTQYF,CASSQTSTDTQYF,,,,,,,,,,,,,,,,,,,,,,,,,,,,,,,,,,,,,,,,,,,,,,,,,,,,,,,,,,,,,,,,,
CASSQEWGTEAFF,CASSQNWGTEAFF,,,,,,,,,,,,,,,,,,,,,,,,,,,,,,,,,,,,,,,,,,,,,,,,,,,,,,,,,,,,,,,,,
CASSEGKHEQYF,CASSEGYHEQYF,,,,,,,,,,,,,,,,,,,,,,,,,,,,,,,,,,,,,,,,,,,,,,,,,,,,,,,,,,,,,,,,,
CASSEGGGGGELFF,CASSLGGGGGELFF,,,,,,,,,,,,,,,,,,,,,,,,,,,,,,,,,,,,,,,,,,,,,,,,,,,,,,,,,,,,,,,,,
CASSGTSGGNEQFF,CASSVTSGGNEQFF,,,,,,,,,,,,,,,,,,,,,,,,,,,,,,,,,,,,,,,,,,,,,,,,,,,,,,,,,,,,,,,,,
CASSLGTAQETQYF,CASSLGTRQETQYF,CASSLGARQETQYF,,,,,,,,,,,,,,,,,,,,,,,,,,,,,,,,,,,,,,,,,,,,,,,,,,,,,,,,,,,,,,,,
CSARGMSNQPQHF,CSARGYSNQPQHF,,,,,,,,,,,,,,,,,,,,,,,,,,,,,,,,,,,,,,,,,,,,,,,,,,,,,,,,,,,,,,,,,
CASSPRGLGNEQFF,CASSPTGLGNEQFF,,,,,,,,,,,,,,,,,,,,,,,,,,,,,,,,,,,,,,,,,,,,,,,,,,,,,,,,,,,,,,,,,
CSVLTSTDTQYF,CSVPTSTDTQYF,,,,,,,,,,,,,,,,,,,,,,,,,,,,,,,,,,,,,,,,,,,,,,,,,,,,,,,,,,,,,,,,,
CASSFSNQPQHF,CASSSSNQPQHF,,,,,,,,,,,,,,,,,,,,,,,,,,,,,,,,,,,,,,,,,,,,,,,,,,,,,,,,,,,,,,,,,
CASSLQGIGGYTF,CASSLQGWGGYTF,,,,,,,,,,,,,,,,,,,,,,,,,,,,,,,,,,,,,,,,,,,,,,,,,,,,,,,,,,,,,,,,,
CASSFHNTEAFF,CASSFQNTEAFF,,,,,,,,,,,,,,,,,,,,,,,,,,,,,,,,,,,,,,,,,,,,,,,,,,,,,,,,,,,,,,,,,
CASSKDQPQHF,CASSYDQPQHF,,,,,,,,,,,,,,,,,,,,,,,,,,,,,,,,,,,,,,,,,,,,,,,,,,,,,,,,,,,,,,,,,
CASSLIGEAFF,CASSLLGEAFF,,,,,,,,,,,,,,,,,,,,,,,,,,,,,,,,,,,,,,,,,,,,,,,,,,,,,,,,,,,,,,,,,
CASSDPNNEQFF,CASSPPNNEQFF,,,,,,,,,,,,,,,,,,,,,,,,,,,,,,,,,,,,,,,,,,,,,,,,,,,,,,,,,,,,,,,,,
CSASRGRGTEAFF,CSASRSRGTEAFF,,,,,,,,,,,,,,,,,,,,,,,,,,,,,,,,,,,,,,,,,,,,,,,,,,,,,,,,,,,,,,,,,
CASSRQFQETQYF,CASSRQLQETQYF,,,,,,,,,,,,,,,,,,,,,,,,,,,,,,,,,,,,,,,,,,,,,,,,,,,,,,,,,,,,,,,,,
CASSFRLDTEAFF,CASSNRLDTEAFF,,,,,,,,,,,,,,,,,,,,,,,,,,,,,,,,,,,,,,,,,,,,,,,,,,,,,,,,,,,,,,,,,
CASSLATSSNEQFF,CASSLQTSSNEQFF,,,,,,,,,,,,,,,,,,,,,,,,,,,,,,,,,,,,,,,,,,,,,,,,,,,,,,,,,,,,,,,,,
CASSQGGGYGYTF,CASSQGGPYGYTF,,,,,,,,,,,,,,,,,,,,,,,,,,,,,,,,,,,,,,,,,,,,,,,,,,,,,,,,,,,,,,,,,
CASRAGVGYEQYF,CASRTGVGYEQYF,,,,,,,,,,,,,,,,,,,,,,,,,,,,,,,,,,,,,,,,,,,,,,,,,,,,,,,,,,,,,,,,,
CASSLAQGRETQYF,CASSLGQGRETQYF,,,,,,,,,,,,,,,,,,,,,,,,,,,,,,,,,,,,,,,,,,,,,,,,,,,,,,,,,,,,,,,,,
CAIRGLNTEAFF,CAIRGRNTEAFF,,,,,,,,,,,,,,,,,,,,,,,,,,,,,,,,,,,,,,,,,,,,,,,,,,,,,,,,,,,,,,,,,
CASSYATNEKLFF,CASSYSTNEKLFF,,,,,,,,,,,,,,,,,,,,,,,,,,,,,,,,,,,,,,,,,,,,,,,,,,,,,,,,,,,,,,,,,
CASSGTGSTDTQYF,CASSGTGVTDTQYF,,,,,,,,,,,,,,,,,,,,,,,,,,,,,,,,,,,,,,,,,,,,,,,,,,,,,,,,,,,,,,,,,
CASSRSGVNTEAFF,CASSVSGVNTEAFF,,,,,,,,,,,,,,,,,,,,,,,,,,,,,,,,,,,,,,,,,,,,,,,,,,,,,,,,,,,,,,,,,
